From Sched Date: 06/26/23   To Sched Date: 06/27/23   From Truck:      To Truck: zzzzzzzz   Whs-Code: o   Sort By Load: no   SKU Group: Cabinets   Order Status: To Do Finish In Scan,,,,,,,,,,,,,,,,,,,,,,,,,,,,,,,,,,,,,,,,,,,,,,,,,,,,,,,,,
Sched Date,Attribute,Truck,Load,Cust#,Order,Line,Item,QT,DP,MR,DA,FI,FO,NH,RW,PL,XS,XR,LD,D2,WI,WO,SI,SO,AS,QI,QO,OrigOrd#,ProdLine,OrderCode,ShipDate,Deliv-Window,Species,Color,InvHold,ShipEntry,ProgressiveWO,FINLINE,PA FF Cart#,PA FF Slot#,KIT Cab,Job/Designer,MODS,,,,,,,,,,,,,,
6/26/2023,Wall,382207,30,W1515PT,3125599,1,24W3724B,1,0,0,0,0,0,0,0,0,0,0,0,0,0,0,0,0,0,0,0,0,D2,REG,6/28/2023,07/03/23-07/07/23,QSN,BISCOTTI,no,?,,,,, ,COFFMAN_AC/AC0309,D2,QSN,MS,F,H3,BSC,PLYBOX,FIFB,MH21.5,,,,,,
6/26/2023,Wall,382207,40,4163,3138481,1,WST3660B,1,0,0,0,0,0,0,0,0,0,0,0,0,0,0,0,0,0,0,0,0,D2,REG,6/28/2023,07/03/23-07/07/23,MPL,SEA SALT CLASSIC,no,?,,,,, ,SD_NOEL_CA/110746,D2,MPL,PM,F,H3,SST,CLSC,PLYBOX,WER,2DG1,FIO,,,,
6/26/2023,Wall,382207,40,4163,3138481,4,WST2760B,1,0,0,0,0,0,0,0,0,0,0,0,0,0,0,0,0,0,0,0,0,D2,REG,6/28/2023,07/03/23-07/07/23,MPL,SEA SALT CLASSIC,no,?,,,,, ,SD_NOEL_CA/110746,D2,MPL,PM,F,H3,SST,CLSC,PLYBOX,2DG1,FIO,WEB,,,,
6/26/2023,Wall,382207,40,4163,3138481,6,WST2760B,1,0,0,0,0,0,0,0,0,0,0,0,0,0,0,0,0,0,0,0,0,D2,REG,6/28/2023,07/03/23-07/07/23,MPL,SEA SALT CLASSIC,no,?,,,,, ,SD_NOEL_CA/110746,D2,MPL,PM,F,H3,SST,CLSC,PLYBOX,WEL,2DG1,FIO,,,,
6/26/2023,Wall,382207,20,L1001,3139981,2,24W3724B,1,0,0,0,0,0,0,0,0,0,0,0,0,0,0,0,0,0,0,0,0,t2,REG,6/28/2023,07/03/23-07/07/23,oak,UNFINISHED,no,?,,,,, ,lamm/DAVID HANS,t2,oak,KI,H,H4,UNF,FFEB,MD18,,,,,,,
6/26/2023,Wall,382207,20,L1001,3139981,3,W3024B,1,0,0,0,0,0,0,0,0,0,0,0,0,0,0,0,0,0,0,0,0,t2,REG,6/28/2023,07/03/23-07/07/23,oak,UNFINISHED,no,?,,,,, ,lamm/DAVID HANS,t2,oak,KI,H,H4,UNF,FFEB,,,,,,,,
6/26/2023,Tall,382207,20,L1001,3139981,6,24UCS2496B,2,1,0,0,1,1,0,0,0,0,0,0,0,0,0,0,0,1,0,0,0,t2,REG,6/28/2023,07/03/23-07/07/23,oak,UNFINISHED,no,?,,,,, ,lamm/DAVID HANS,t2,oak,KI,H,H4,UNF,MD18,FFETB,,,,,,,
6/26/2023,Wall,382207,20,L1661,3155102,2,W3930,1,0,0,0,0,0,0,0,0,0,0,0,0,0,0,0,0,0,0,0,2933993,T2,RP,6/28/2023,07/03/23-07/07/23,ald,NATURAL-BURNT SIENNA GLZHGLT,no,?,,,,, ,CAPDET/MELISSA GR,T2,ald,rt,f,NAT,h3,LR,BRN,GLZHGLT,MH28,MW37,MD24,plybox,FIFB,
6/26/2023,Wall,382207,20,L775,3155804,1,WWCH36,1,0,0,0,0,0,0,0,0,0,0,0,0,0,0,0,0,0,0,0,3088579,t2,REPL,6/28/2023,07/03/23-07/07/23,ald,FRENCH ROAST,no,?,,,,,KIT,VAN HAASTE/shelly liz,t2,ald,gm,f,FRR,H3,OD12,,,,,,,,
6/26/2023,Base,382207,30,W1515PT,3156016,1,PBICBB36G1S,1,0,0,0,0,0,0,0,0,0,0,0,0,0,0,0,0,0,0,0,3130299,D2,REPL,6/28/2023,07/03/23-07/07/23,MPL,SPANISH PAPRIKA CLASSIC,no,?,,,,,KIT,PINDEA/NA,D2,MPL,w8,F,SPK,H3,CLSC,DD12,,,,,,,
6/26/2023,Base,382207,20,L250,3156274,1,18BCPD3657,1,0,0,0,0,0,0,0,0,0,0,0,0,0,0,0,0,0,0,0,3108584,t2,repl,6/28/2023,07/03/23-07/07/23,chy,CAPPUCCINO,no,?,,,,,KIT,Masini/HIEN NGUYE,t2,chy,kp,f,cap,LR,LTLPACK,ESB2.25,OD11,,,,,,
6/26/2023,Wall,382210,30,L2879,3136776,15,24W3621B,1,0,0,0,0,0,0,0,0,0,0,0,0,0,0,0,0,0,0,0,0,t2,REG,6/28/2023,07/03/23-07/07/23,MPL,WHITE ICING CLASSIC,no,?,,,,, ,BARAJAS/DANIEL HUN,t2,MPL,SE,F,WIC,H3,LR,CLSC,md27,plybox,FIFB,,,,
6/26/2023,Wall,382210,40,W1218,3137735,2,W2448,1,0,0,0,0,0,0,0,0,0,0,0,0,0,0,0,0,0,0,0,0,D2,REG,6/28/2023,07/03/23-07/07/23,MPL,WHITE ICING CLASSIC,no,?,,,,, ,Hoffschnei/109538,D2,MPL,MS,F,H3,WIC,CLSC,L,AFCM,FFER,,,,,
6/26/2023,Wall,382210,40,W1218,3137735,3,W2448,1,0,0,0,0,0,0,0,0,0,0,0,0,0,0,0,0,0,0,0,0,D2,REG,6/28/2023,07/03/23-07/07/23,MPL,WHITE ICING CLASSIC,no,?,,,,, ,Hoffschnei/109538,D2,MPL,MS,F,H3,WIC,CLSC,R,AFCM,FFEL,,,,,
6/26/2023,Wall,382210,40,W1218,3137735,7,W3648B,1,0,0,0,0,0,0,0,0,0,0,0,0,0,0,0,0,0,0,0,0,D2,REG,6/28/2023,07/03/23-07/07/23,MPL,WHITE ICING CLASSIC,no,?,,,,, ,Hoffschnei/109538,D2,MPL,MS,F,H3,WIC,CLSC,FFER,AFCM,,,,,,
6/26/2023,Tall,382210,40,W1218,3137735,10,OCC33102B,1,0,0,0,0,0,0,0,0,0,0,0,0,0,0,0,0,0,0,0,0,D2,REG,6/28/2023,07/03/23-07/07/23,MPL,WHITE ICING CLASSIC,no,?,,,,, ,Hoffschnei/109538,D2,MPL,MS,F,WIC,H3,lr,CLSC,OCM,FFETR,AFCM,,,,
6/26/2023,Wall,382210,50,70530,3139866,3,12WN630,1,0,0,0,0,0,0,0,0,0,0,0,0,0,0,0,0,0,0,0,3139437,YZ,RP,6/28/2023,07/03/23-07/07/23,MPL,PERFECT STORM CLASSIC,no,?,,,,, ,TARA_STROU/108789,YZ,MPL,23K,F,H3,PFS,CLSC,,,,,,,,
6/26/2023,Wall,382210,40,W1218,3153019,1,21BMW2442B,1,0,0,0,0,0,0,0,0,0,0,0,0,0,0,0,0,0,0,0,3119597,D2,RP,6/28/2023,07/03/23-07/07/23,MPL,SEA SALT CLASSIC,no,?,,,,, ,Glasser/109538,D2,MPL,KA,F,SST,H3,LR,BOXO,CLSC,MD19,FIO,OCM,PLYBOX,,
6/27/2023,Wall,382208,30,3667,3136526,1,24W3718B,1,0,0,0,0,0,0,0,0,0,0,0,0,0,0,0,0,0,0,0,0,D2,REG,6/30/2023,07/03/23-07/07/23,MDF,WHITE ICING CLASSIC,no,?,,,,, ,WALTERS169/101340,D2,MDF,PM,F,WIC,H3,LR,CLSC,FIFB,,,,,,
6/27/2023,Wall,382208,30,3667,3136526,4,W3636B/,1,1,0,0,0,0,0,0,0,0,0,0,0,0,0,0,0,0,0,0,0,SV,REG,6/30/2023,07/03/23-07/07/23,MDF,WHITE ICING CLASSIC,no,?,,,,, ,WALTERS169/101340,SV,MDF,LC,F,WIC,LR,CLSC,FFEB,,,,,,,
6/27/2023,Wall,382208,30,3667,3136526,5,W3636B/,1,1,0,0,0,0,0,0,0,0,0,0,0,0,0,0,0,0,0,0,0,SV,REG,6/30/2023,07/03/23-07/07/23,MDF,WHITE ICING CLASSIC,no,?,,,,, ,WALTERS169/101340,SV,MDF,LC,F,WIC,CLSC,FFEL,ESR.75,,,,,,,
6/27/2023,Wall,382208,30,3667,3136526,6,DW2436/,1,1,0,0,0,0,0,0,0,0,0,0,0,0,0,0,0,0,0,0,0,SV,REG,6/30/2023,07/03/23-07/07/23,MDF,WHITE ICING CLASSIC,no,?,,,,, ,WALTERS169/101340,SV,MDF,LC,F,WIC,CLSC,R,,,,,,,,
6/27/2023,Wall,382208,30,3667,3136526,7,W2736B/,1,1,0,0,0,0,0,0,0,0,0,0,0,0,0,0,0,0,0,0,0,SV,REG,6/30/2023,07/03/23-07/07/23,MDF,WHITE ICING CLASSIC,no,?,,,,, ,WALTERS169/101340,SV,MDF,LC,F,WIC,CLSC,FFER,,,,,,,,
6/27/2023,Wall,382208,30,3667,3136526,8,W2736B/,1,1,0,0,0,0,0,0,0,0,0,0,0,0,0,0,0,0,0,0,0,SV,REG,6/30/2023,07/03/23-07/07/23,MDF,WHITE ICING CLASSIC,no,?,,,,, ,WALTERS169/101340,SV,MDF,LC,F,WIC,CLSC,FFEL,,,,,,,,
6/27/2023,Wall,382208,30,3667,3136526,9,DW2436/,1,1,0,0,0,0,0,0,0,0,0,0,0,0,0,0,0,0,0,0,0,SV,REG,6/30/2023,07/03/23-07/07/23,MDF,WHITE ICING CLASSIC,no,?,,,,, ,WALTERS169/101340,SV,MDF,LC,F,WIC,CLSC,L,,,,,,,,
6/27/2023,Wall,382208,30,3667,3136526,10,W1236/,1,1,0,0,0,0,0,0,0,0,0,0,0,0,0,0,0,0,0,0,0,SV,REG,6/30/2023,07/03/23-07/07/23,MDF,WHITE ICING CLASSIC,no,?,,,,, ,WALTERS169/101340,SV,MDF,LC,F,WIC,CLSC,L,,,,,,,,
6/27/2023,Wall,382208,30,3667,3136526,11,21BMW3036B/,1,0,0,0,0,0,0,0,0,0,0,0,0,0,0,0,0,0,0,0,0,SV,REG,6/30/2023,07/03/23-07/07/23,MDF,WHITE ICING CLASSIC,no,?,,,,, ,WALTERS169/101340,SV,MDF,LC,F,WIC,LR,CLSC,OCM,,,,,,,
6/27/2023,Base,382208,30,3667,3136526,12,3DB12/,1,1,0,0,0,0,0,0,0,0,0,0,0,0,0,0,0,0,0,0,0,SV,REG,6/30/2023,07/03/23-07/07/23,MDF,WHITE ICING CLASSIC,no,?,,,,, ,WALTERS169/101340,SV,MDF,LC,F,WIC,CLSC,EPDL4.5,FFEL,,,,,,,
6/27/2023,Base,382208,30,3667,3136526,13,B27B/,1,1,0,0,0,0,0,0,0,0,0,0,0,0,0,0,0,0,0,0,0,SV,REG,6/30/2023,07/03/23-07/07/23,MDF,WHITE ICING CLASSIC,no,?,,,,, ,WALTERS169/101340,SV,MDF,LC,F,WIC,CLSC,FDS,,,,,,,,
6/27/2023,Base,382208,30,3667,3136526,14,B27B/,1,1,0,0,0,0,0,0,0,0,0,0,0,0,0,0,0,0,0,0,0,SV,REG,6/30/2023,07/03/23-07/07/23,MDF,WHITE ICING CLASSIC,no,?,,,,, ,WALTERS169/101340,SV,MDF,LC,F,WIC,CLSC,FDS,ESR.75,,,,,,,
6/27/2023,SSusans,382208,30,3667,3136526,15,LDCB36/,1,1,0,0,0,0,0,0,0,0,0,0,0,0,0,0,0,0,0,0,0,SV,REG,6/30/2023,07/03/23-07/07/23,MDF,WHITE ICING CLASSIC,no,?,,,,, ,WALTERS169/101340,SV,MDF,LC,F,WIC,CLSC,R,,,,,,,,
6/27/2023,Base,382208,30,3667,3136526,16,TDC12/,1,1,0,0,0,0,0,0,0,0,0,0,0,0,0,0,0,0,0,0,0,SV,REG,6/30/2023,07/03/23-07/07/23,MDF,WHITE ICING CLASSIC,no,?,,,,, ,WALTERS169/101340,SV,MDF,LC,F,WIC,CLSC,L,,,,,,,,
6/27/2023,Base,382208,30,3667,3136526,18,B18DWB/,1,1,0,0,0,0,0,0,0,0,0,0,0,0,0,0,0,0,0,0,0,SV,REG,6/30/2023,07/03/23-07/07/23,MDF,WHITE ICING CLASSIC,no,?,,,,, ,WALTERS169/101340,SV,MDF,LC,F,WIC,CLSC,,,,,,,,,
6/27/2023,Base,382208,30,3667,3136526,32,3DB33/,1,0,0,0,0,0,0,0,0,0,0,0,0,0,0,0,0,0,0,0,0,SV,REG,6/30/2023,07/03/23-07/07/23,ALD,BISCOTTI,no,?,,,,, ,WALTERS169/101340,SV,ALD,LC,F,BSC,,,,,,,,,,
6/27/2023,Base,382208,30,3667,3136526,33,3DB33/,1,0,0,0,0,0,0,0,0,0,0,0,0,0,0,0,0,0,0,0,0,SV,REG,6/30/2023,07/03/23-07/07/23,ALD,BISCOTTI,no,?,,,,, ,WALTERS169/101340,SV,ALD,LC,F,BSC,,,,,,,,,,
6/27/2023,Wall,382208,30,3667,3136803,13,WST1848,1,0,0,0,0,0,0,0,0,0,0,0,0,0,0,0,0,0,0,0,0,D2,REG,6/30/2023,07/03/23-07/07/23,Mpl,WHITE ICING CLASSIC,no,?,,,,, ,BAKER3225/101340,D2,Mpl,t6,F,WIC,H3,L,CLSC,FIO,1DG1,PLYBOX,FFER,,,
6/27/2023,Wall,382208,30,3667,3136803,15,WST3348B,1,0,0,0,0,0,0,0,0,0,0,0,0,0,0,0,0,0,0,0,0,D2,REG,6/30/2023,07/03/23-07/07/23,Mpl,WHITE ICING CLASSIC,no,?,,,,, ,BAKER3225/101340,D2,Mpl,t6,F,WIC,H3,LR,CLSC,FIO,2DG1,ESR4.00,PLYBOX,FFEL,,
6/27/2023,Wall,382208,20,70488,3136975,7,W3015B/,1,1,0,0,0,0,0,0,0,0,0,0,0,0,0,0,0,0,0,0,0,YY,REG,6/30/2023,07/03/23-07/07/23,mdf,CHAILATTE CLASSIC,no,?,,,,, ,NTO_Americ/Charles Li,YY,mdf,3D,F,CHL,CLSC,,,,,,,,,
6/27/2023,Wall,382208,20,70488,3136975,8,PMW3033B/,1,0,0,0,0,0,0,0,0,0,0,0,0,0,0,0,0,0,0,0,0,YY,REG,6/30/2023,07/03/23-07/07/23,mdf,CHAILATTE CLASSIC,no,?,,,,, ,NTO_Americ/Charles Li,YY,mdf,3D,F,CHL,CLSC,WEL,,,,,,,,
6/27/2023,Wall,382208,20,70488,3136975,9,W3630B/,1,1,0,0,0,0,0,0,0,0,0,0,0,0,0,0,0,0,0,0,0,YY,REG,6/30/2023,07/03/23-07/07/23,mdf,CHAILATTE CLASSIC,no,?,,,,, ,NTO_Americ/Charles Li,YY,mdf,3D,F,CHL,CLSC,,,,,,,,,
6/27/2023,Wall,382208,10,4672,3148161,37,W2742B,2,2,0,0,0,0,0,0,0,0,0,0,0,0,0,0,0,0,0,0,0,D2,REG,6/30/2023,07/03/23-07/07/23,MDF,WHITE ICING CLASSIC,no,?,,,,, ,MCCHESNEY/BRENT H,D2,MDF,PK,F,H3,WIC,CLSC,FFD,,,,,,,
6/27/2023,Wall,382208,10,4672,3148161,38,W1542,1,1,0,0,0,0,0,0,0,0,0,0,0,0,0,0,0,0,0,0,0,D2,REG,6/30/2023,07/03/23-07/07/23,MDF,WHITE ICING CLASSIC,no,?,,,,, ,MCCHESNEY/BRENT H,D2,MDF,PK,F,H3,WIC,CLSC,R,FFD,,,,,,
6/27/2023,Wall,382208,10,4672,3148161,39,24W3924,1,1,0,0,0,0,0,0,0,0,0,0,0,0,0,0,0,0,0,0,0,D2,REG,6/30/2023,07/03/23-07/07/23,MDF,WHITE ICING CLASSIC,no,?,,,,, ,MCCHESNEY/BRENT H,D2,MDF,PK,F,H3,WIC,CLSC,FFD,,,,,,,
6/27/2023,Tall,382208,10,4672,3148161,40,24UCS3696B,1,1,0,0,0,0,0,0,0,0,0,0,0,0,0,0,0,0,0,0,0,D2,REG,6/30/2023,07/03/23-07/07/23,MDF,WHITE ICING CLASSIC,no,?,,,,, ,MCCHESNEY/BRENT H,D2,MDF,PK,F,H3,WIC,CLSC,FFD,,,,,,,
6/27/2023,Base,382208,10,4672,3148161,42,SB33B,1,1,0,0,0,0,0,0,0,0,0,0,0,0,0,0,0,0,0,0,0,D2,REG,6/30/2023,07/03/23-07/07/23,MDF,WHITE ICING CLASSIC,no,?,,,,, ,MCCHESNEY/BRENT H,D2,MDF,PK,F,H3,WIC,CLSC,FFD,,,,,,,
6/27/2023,Base,382208,10,4672,3152960,8,B36B/,1,1,0,0,0,0,0,0,0,0,0,0,0,0,0,0,0,0,0,0,0,SV,REG,6/30/2023,07/03/23-07/07/23,MDF,WHITE ICING CLASSIC,no,?,,,,, ,DWT_71/BRENT,SV,MDF,LC,F,WIC,CLSC,,,,,,,,,
6/27/2023,SSusans,382208,10,4672,3152960,9,SCB36/,1,1,0,0,0,0,0,0,0,0,0,0,0,0,0,0,0,0,0,0,0,SV,REG,6/30/2023,07/03/23-07/07/23,MDF,WHITE ICING CLASSIC,no,?,,,,, ,DWT_71/BRENT,SV,MDF,LC,F,WIC,CLSC,R,,,,,,,,
6/27/2023,Wall,382208,10,4672,3152960,10,W2739B/,2,2,0,0,0,0,0,0,0,0,0,0,0,0,0,0,0,0,0,0,0,SV,REG,6/30/2023,07/03/23-07/07/23,MDF,WHITE ICING CLASSIC,no,?,,,,, ,DWT_71/BRENT,SV,MDF,LC,F,WIC,CLSC,,,,,,,,,
6/27/2023,Wall,382208,10,4672,3152960,11,W3012B/,1,1,0,0,0,0,0,0,0,0,0,0,0,0,0,0,0,0,0,0,0,SV,REG,6/30/2023,07/03/23-07/07/23,MDF,WHITE ICING CLASSIC,no,?,,,,, ,DWT_71/BRENT,SV,MDF,LC,F,WIC,CLSC,,,,,,,,,
6/27/2023,Base,382208,10,4672,3152960,12,3DB27/,2,2,0,0,0,0,0,0,0,0,0,0,0,0,0,0,0,0,0,0,0,SV,REG,6/30/2023,07/03/23-07/07/23,MDF,WHITE ICING CLASSIC,no,?,,,,, ,DWT_71/BRENT,SV,MDF,LC,F,WIC,CLSC,,,,,,,,,
6/27/2023,Wall,382208,10,4672,3152960,15,W4518/,1,1,0,0,0,0,0,0,0,0,0,0,0,0,0,0,0,0,0,0,0,SV,REG,6/30/2023,07/03/23-07/07/23,MDF,WHITE ICING CLASSIC,no,?,,,,, ,DWT_71/BRENT,SV,MDF,LC,F,WIC,CLSC,,,,,,,,,
6/27/2023,Base,382208,10,4672,3152960,18,3DB15/,1,0,0,0,0,0,0,0,0,0,0,0,0,0,0,0,0,0,0,0,0,SV,REG,6/30/2023,07/03/23-07/07/23,MPL,BISCOTTI,no,?,,,,, ,DWT_71/BRENT,SV,MPL,LC,F,BSC,,,,,,,,,,
6/27/2023,Tall,382209,50,L2268,3132439,27,24UT3684B-4,1,0,0,0,0,0,0,0,0,0,0,0,0,0,0,0,0,0,0,0,0,t2,REG,6/29/2023,07/03/23-07/07/23,ald,CAPPUCCINO,no,?,,,,, ,ALEIXO/RACHEL PAS,t2,ald,da,f,cap,h3,LR,MH82,EPBB01.50,plybox,FFETL,2METR,,,
6/27/2023,Base,382209,50,L2268,3132439,34,3DB24,1,0,0,0,0,0,0,0,0,0,0,0,0,0,0,0,0,0,0,0,0,t2,REG,6/29/2023,07/03/23-07/07/23,ald,DOCKSIDE,no,?,,,,, ,ALEIXO/RACHEL PAS,t2,ald,da,f,h3,DKS,plybox,,,,,,,,
6/27/2023,Base,382209,50,L2268,3132439,35,SB30B,1,0,0,0,0,0,0,0,0,0,0,0,0,0,0,0,0,0,0,0,0,t2,REG,6/29/2023,07/03/23-07/07/23,ald,DOCKSIDE,no,?,,,,, ,ALEIXO/RACHEL PAS,t2,ald,da,f,h3,DKS,plybox,WER,,,,,,,
6/27/2023,Wall,382209,50,L2268,3132439,36,W2721B,2,0,0,0,0,0,0,0,0,0,0,0,0,0,0,0,0,0,0,0,0,t2,REG,6/29/2023,07/03/23-07/07/23,ald,DOCKSIDE,no,?,,,,, ,ALEIXO/RACHEL PAS,t2,ald,da,f,h3,DKS,plybox,PCFBM,,,,,,,
6/27/2023,Wall,382209,50,L2268,3132439,37,W3021B,2,0,0,0,0,0,0,0,0,0,0,0,0,0,0,0,0,0,0,0,0,t2,REG,6/29/2023,07/03/23-07/07/23,ald,DOCKSIDE,no,?,,,,, ,ALEIXO/RACHEL PAS,t2,ald,da,f,h3,DKS,plybox,PCFBM,MW28.5,,,,,,
6/27/2023,Tall,382209,50,L2268,3132439,38,24UCS2784B,1,0,0,0,0,0,0,0,0,0,0,0,0,0,0,0,0,0,0,0,0,t2,REG,6/29/2023,07/03/23-07/07/23,ald,DOCKSIDE,no,?,,,,, ,ALEIXO/RACHEL PAS,t2,ald,da,f,h3,DKS,plybox,FFETR,,,,,,,
6/27/2023,Base,382209,20,W1017,3139131,6,BFH18,1,0,0,0,0,0,0,0,0,0,0,0,0,0,0,0,0,0,0,0,0,D2,REG,6/29/2023,07/03/23-07/07/23,MPL,EUCALYPTUS CLASSIC,no,?,,,,, ,ANNE_McCAR/108919,D2,MPL,PO,F,ECA,H3,L,CLSC,MW17.50,MD12.50,FTSF,FFEB,,,
6/27/2023,Base,382209,30,4541,3140064,22,B18WB/,1,1,0,0,0,0,0,0,0,0,0,0,0,0,0,0,0,0,0,0,0,SV,REG,6/29/2023,07/03/23-07/07/23,MDF,EARL GREY CLASSIC,no,?,,,,, ,R7017_799C/108407,SV,MDF,LI,H,erg,clsc,WER,,,,,,,,
6/27/2023,Tall,382209,30,4541,3140064,25,27OCC3390B/,1,1,0,0,0,0,0,0,0,0,0,0,0,0,0,0,0,0,0,0,0,SV,REG,6/29/2023,07/03/23-07/07/23,MDF,EARL GREY CLASSIC,no,?,,,,, ,R7017_799C/108407,SV,MDF,LI,H,erg,LR,clsc,OCM,,,,,,,
6/27/2023,Base,382209,10,72067SP,3142413,1,12BFH39,2,0,0,0,0,0,0,0,0,0,0,0,0,0,0,0,0,0,0,0,0,YZ,ds,6/29/2023,07/03/23-07/07/23,MPL,EUCALYPTUS CLASSIC,no,?,,,,, ,SH60LY0123/MELANIE FL,YZ,MPL,22T,F,H3,ECA,CLSC,,,,,,,,
6/27/2023,Base,382209,10,72067SP,3142413,2,12BFH36B,1,0,0,0,0,0,0,0,0,0,0,0,0,0,0,0,0,0,0,0,0,YZ,ds,6/29/2023,07/03/23-07/07/23,MPL,EUCALYPTUS CLASSIC,no,?,,,,, ,SH60LY0123/MELANIE FL,YZ,MPL,22T,F,H3,ECA,CLSC,,,,,,,,
6/27/2023,Base,382209,10,72067SP,3142413,3,4DB18,1,0,0,0,0,0,0,0,0,0,0,0,0,0,0,0,0,0,0,0,0,YZ,ds,6/29/2023,07/03/23-07/07/23,MPL,EUCALYPTUS CLASSIC,no,?,,,,, ,SH60LY0123/MELANIE FL,YZ,MPL,22T,F,H3,ECA,CLSC,,,,,,,,
6/27/2023,Base,382209,10,72067SP,3142413,4,B18DWB,1,0,0,0,0,0,0,0,0,0,0,0,0,0,0,0,0,0,0,0,0,YZ,ds,6/29/2023,07/03/23-07/07/23,MPL,EUCALYPTUS CLASSIC,no,?,,,,, ,SH60LY0123/MELANIE FL,YZ,MPL,22T,F,H3,ECA,CLSC,,,,,,,,
6/27/2023,Base,382209,10,72067SP,3142413,5,SB36B,1,0,0,0,0,0,0,0,0,0,0,0,0,0,0,0,0,0,0,0,0,YZ,ds,6/29/2023,07/03/23-07/07/23,MPL,EUCALYPTUS CLASSIC,no,?,,,,, ,SH60LY0123/MELANIE FL,YZ,MPL,22T,F,H3,ECA,CLSC,WER,,,,,,,
6/27/2023,Base,382209,10,72067SP,3142413,6,BT18-2,1,0,0,0,0,0,0,0,0,0,0,0,0,0,0,0,0,0,0,0,0,YZ,ds,6/29/2023,07/03/23-07/07/23,MPL,EUCALYPTUS CLASSIC,no,?,,,,, ,SH60LY0123/MELANIE FL,YZ,MPL,22T,F,H3,ECA,CLSC,R,WEL,,,,,,
6/27/2023,Base,382209,40,74109,3153597,2,B21,1,0,0,0,0,0,0,0,0,0,0,0,0,0,0,0,0,0,0,0,3079913,YZ,REPL,6/29/2023,07/03/23-07/07/23,MDF,EUCALYPTUS CLASSIC,no,?,,,,, ,5833/RP1/Jessica,YZ,MDF,LQ,F,ECA,H3,L,CLSC,SS32,,,,,,
6/27/2023,Wall,382209,50,L1906,3156630,1,W3036B,1,0,0,0,0,0,0,0,0,0,0,0,0,0,0,0,0,0,0,0,3092914,t2,repl,6/29/2023,07/03/23-07/07/23,MPL,CELESTE CLASSIC,no,?,,,,, ,gosche/shawn,t2,MPL,SE,F,CLS,H3,LR,CLSC,MD15,plybox,FFEL,DM11,,,
6/27/2023,Wall,382209,50,L1906,3156630,2,24WLS3018,1,1,0,0,0,0,0,0,0,0,0,0,0,0,0,0,0,0,0,0,3092914,t2,repl,6/29/2023,07/03/23-07/07/23,MPL,CELESTE CLASSIC,no,?,,,,,KIT,gosche/shawn,t2,MPL,SE,F,CLS,CLSC,plybox,DD11,,,,,,,
6/27/2023,Base,382212,40,L1719,3122328,2,BT30B-2,1,1,0,0,0,0,0,0,0,0,0,0,0,0,0,0,0,0,0,0,0,t2,REG,6/29/2023,07/03/23-07/07/23,mpl,SANDALWOOD,no,?,,,,, ,LOPEMAN/JOSEPH LAN,t2,mpl,kp,f,SND,h3,lr,plybox,,,,,,,
6/27/2023,Base,382212,40,L1719,3122328,5,BT15-2,1,1,0,0,0,0,0,0,0,0,0,0,0,0,0,0,0,0,0,0,0,t2,REG,6/29/2023,07/03/23-07/07/23,mpl,SANDALWOOD,no,?,,,,, ,LOPEMAN/JOSEPH LAN,t2,mpl,kp,f,h3,SND,L,plybox,WEL,,,,,,
6/27/2023,Base,382212,40,L1719,3122328,6,BT24B-2,1,1,0,0,0,0,0,0,0,0,0,0,0,0,0,0,0,0,0,0,0,t2,REG,6/29/2023,07/03/23-07/07/23,mpl,SANDALWOOD,no,?,,,,, ,LOPEMAN/JOSEPH LAN,t2,mpl,kp,f,h3,SND,plybox,WER,,,,,,,
6/27/2023,Base,382212,40,L1719,3122328,7,BT27B-2,1,1,0,0,0,0,0,0,0,0,0,0,0,0,0,0,0,0,0,0,0,t2,REG,6/29/2023,07/03/23-07/07/23,mpl,SANDALWOOD,no,?,,,,, ,LOPEMAN/JOSEPH LAN,t2,mpl,kp,f,h3,SND,plybox,WEB,,,,,,,
6/27/2023,Vanity,382212,40,L1719,3122328,8,21AHVSB36B,4,4,0,0,0,0,0,0,0,0,0,0,0,0,0,0,0,0,0,0,0,t2,REG,6/29/2023,07/03/23-07/07/23,mpl,SANDALWOOD,no,?,,,,, ,LOPEMAN/JOSEPH LAN,t2,mpl,kp,f,h3,SND,plybox,,,,,,,,
6/27/2023,Vanity,382212,40,L1719,3122328,9,21AHVDB18,1,1,0,0,0,0,0,0,0,0,0,0,0,0,0,0,0,0,0,0,0,t2,REG,6/29/2023,07/03/23-07/07/23,mpl,SANDALWOOD,no,?,,,,, ,LOPEMAN/JOSEPH LAN,t2,mpl,kp,f,h3,SND,plybox,,,,,,,,
6/27/2023,Base,382212,40,L1719,3122328,10,BT24-2,1,1,0,0,0,0,0,0,0,0,0,0,0,0,0,0,0,0,0,0,0,t2,REG,6/29/2023,07/03/23-07/07/23,mpl,SANDALWOOD,no,?,,,,, ,LOPEMAN/JOSEPH LAN,t2,mpl,kp,f,h3,SND,L,plybox,WEL,,,,,,
6/27/2023,Base,382212,40,L1719,3122328,11,BT24-2,1,1,0,0,0,0,0,0,0,0,0,0,0,0,0,0,0,0,0,0,0,t2,REG,6/29/2023,07/03/23-07/07/23,mpl,SANDALWOOD,no,?,,,,, ,LOPEMAN/JOSEPH LAN,t2,mpl,kp,f,h3,SND,R,plybox,,,,,,,
6/27/2023,Base,382212,40,L1719,3122328,12,4DB15,1,1,0,0,0,0,0,0,0,0,0,0,0,0,0,0,0,0,0,0,0,t2,REG,6/29/2023,07/03/23-07/07/23,mpl,SANDALWOOD,no,?,,,,, ,LOPEMAN/JOSEPH LAN,t2,mpl,kp,f,h3,SND,plybox,,,,,,,,
6/27/2023,Base,382212,40,L1719,3122328,13,B18DWB,1,1,0,0,0,0,0,0,0,0,0,0,0,0,0,0,0,0,0,0,0,t2,REG,6/29/2023,07/03/23-07/07/23,mpl,SANDALWOOD,no,?,,,,, ,LOPEMAN/JOSEPH LAN,t2,mpl,kp,f,h3,SND,plybox,,,,,,,,
6/27/2023,Base,382212,40,L1719,3122328,14,SB36B,1,1,0,0,0,0,0,0,0,0,0,0,0,0,0,0,0,0,0,0,0,t2,REG,6/29/2023,07/03/23-07/07/23,mpl,SANDALWOOD,no,?,,,,, ,LOPEMAN/JOSEPH LAN,t2,mpl,kp,f,h3,SND,plybox,,,,,,,,
6/27/2023,Base,382212,40,L1719,3122328,15,B12,1,1,0,0,0,0,0,0,0,0,0,0,0,0,0,0,0,0,0,0,0,t2,REG,6/29/2023,07/03/23-07/07/23,mpl,SANDALWOOD,no,?,,,,, ,LOPEMAN/JOSEPH LAN,t2,mpl,kp,f,h3,SND,R,plybox,,,,,,,
6/27/2023,SSusans,382212,40,L1719,3122328,16,ASSCB36L33R,1,1,0,0,0,0,0,0,0,0,0,0,0,0,0,0,0,0,0,0,0,t2,REG,6/29/2023,07/03/23-07/07/23,mpl,SANDALWOOD,no,?,,,,, ,LOPEMAN/JOSEPH LAN,t2,mpl,kp,f,h3,SND,R,plybox,,,,,,,
6/27/2023,Base,382212,40,L1719,3122328,17,BT27B-2,1,1,0,0,0,0,0,0,0,0,0,0,0,0,0,0,0,0,0,0,0,t2,REG,6/29/2023,07/03/23-07/07/23,mpl,SANDALWOOD,no,?,,,,, ,LOPEMAN/JOSEPH LAN,t2,mpl,kp,f,h3,SND,plybox,,,,,,,,
6/27/2023,Wall,382212,40,L1719,3122328,18,WBC4830,1,1,0,0,0,0,0,0,0,0,0,0,0,0,0,0,0,0,0,0,0,t2,REG,6/29/2023,07/03/23-07/07/23,mpl,SANDALWOOD,no,?,,,,, ,LOPEMAN/JOSEPH LAN,t2,mpl,kp,f,SND,h3,FBR,MD24,plybox,WEB,,,,,
6/27/2023,Vanity,382212,40,L1719,3122328,19,21AHVSDB30R,1,1,0,0,0,0,0,0,0,0,0,0,0,0,0,0,0,0,0,0,0,t2,REG,6/29/2023,07/03/23-07/07/23,mpl,SANDALWOOD,no,?,,,,, ,LOPEMAN/JOSEPH LAN,t2,mpl,kp,f,h3,SND,L,plybox,WEL,,,,,,
6/27/2023,Base,382212,40,L1719,3122328,20,12BFH42,1,1,0,0,0,0,0,0,0,0,0,0,0,0,0,0,0,0,0,0,0,t2,REG,6/29/2023,07/03/23-07/07/23,mpl,SANDALWOOD,no,?,,,,, ,LOPEMAN/JOSEPH LAN,t2,mpl,kp,f,h3,SND,plybox,MD8,,,,,,,
6/27/2023,Wall,382212,40,L1719,3122328,21,W3627B,1,1,0,0,0,0,0,0,0,0,0,0,0,0,0,0,0,0,0,0,0,t2,REG,6/29/2023,07/03/23-07/07/23,mpl,SANDALWOOD,no,?,,,,, ,LOPEMAN/JOSEPH LAN,t2,mpl,kp,f,h3,SND,plybox,1FHMEL,,,,,,,
6/27/2023,Wall,382212,40,L1719,3122328,22,W3612B,1,1,0,0,0,0,0,0,0,0,0,0,0,0,0,0,0,0,0,0,0,t2,REG,6/29/2023,07/03/23-07/07/23,mpl,SANDALWOOD,no,?,,,,, ,LOPEMAN/JOSEPH LAN,t2,mpl,kp,f,h3,SND,plybox,1FHMEL,,,,,,,
6/27/2023,Wall,382212,40,L1719,3122328,23,W3627B,1,1,0,0,0,0,0,0,0,0,0,0,0,0,0,0,0,0,0,0,0,t2,REG,6/29/2023,07/03/23-07/07/23,mpl,SANDALWOOD,no,?,,,,, ,LOPEMAN/JOSEPH LAN,t2,mpl,kp,f,h3,SND,plybox,FFER,,,,,,,
6/27/2023,Wall,382212,40,L1719,3122328,24,W3612B,1,1,0,0,0,0,0,0,0,0,0,0,0,0,0,0,0,0,0,0,0,t2,REG,6/29/2023,07/03/23-07/07/23,mpl,SANDALWOOD,no,?,,,,, ,LOPEMAN/JOSEPH LAN,t2,mpl,kp,f,h3,SND,plybox,,,,,,,,
6/27/2023,Wall,382212,40,L1719,3122328,25,W2712B,3,3,0,0,0,0,0,0,0,0,0,0,0,0,0,0,0,0,0,0,0,t2,REG,6/29/2023,07/03/23-07/07/23,mpl,SANDALWOOD,no,?,,,,, ,LOPEMAN/JOSEPH LAN,t2,mpl,kp,f,h3,SND,plybox,,,,,,,,
6/27/2023,Wall,382212,40,L1719,3122328,26,W2727B,1,1,0,0,0,0,0,0,0,0,0,0,0,0,0,0,0,0,0,0,0,t2,REG,6/29/2023,07/03/23-07/07/23,mpl,SANDALWOOD,no,?,,,,, ,LOPEMAN/JOSEPH LAN,t2,mpl,kp,f,h3,SND,plybox,FFEL,,,,,,,
6/27/2023,Wall,382212,40,L1719,3122328,27,W2427B,1,1,0,0,0,0,0,0,0,0,0,0,0,0,0,0,0,0,0,0,0,t2,REG,6/29/2023,07/03/23-07/07/23,mpl,SANDALWOOD,no,?,,,,, ,LOPEMAN/JOSEPH LAN,t2,mpl,kp,f,h3,SND,plybox,,,,,,,,
6/27/2023,Wall,382212,40,L1719,3122328,28,W2412B,1,1,0,0,0,0,0,0,0,0,0,0,0,0,0,0,0,0,0,0,0,t2,REG,6/29/2023,07/03/23-07/07/23,mpl,SANDALWOOD,no,?,,,,, ,LOPEMAN/JOSEPH LAN,t2,mpl,kp,f,h3,SND,plybox,,,,,,,,
6/27/2023,Wall,382212,40,L1719,3122328,29,W1530,1,1,0,0,0,0,0,0,0,0,0,0,0,0,0,0,0,0,0,0,0,t2,REG,6/29/2023,07/03/23-07/07/23,mpl,SANDALWOOD,no,?,,,,, ,LOPEMAN/JOSEPH LAN,t2,mpl,kp,f,h3,SND,L,plybox,MH27,,,,,,
6/27/2023,Wall,382212,40,L1719,3122328,30,W1512,1,1,0,0,0,0,0,0,0,0,0,0,0,0,0,0,0,0,0,0,0,t2,REG,6/29/2023,07/03/23-07/07/23,mpl,SANDALWOOD,no,?,,,,, ,LOPEMAN/JOSEPH LAN,t2,mpl,kp,f,h3,SND,L,plybox,,,,,,,
6/27/2023,Wall,382212,40,L1719,3122328,31,CQW,1,0,0,0,0,0,0,0,0,0,0,0,0,0,0,0,0,0,0,0,0,t2,REG,6/29/2023,07/03/23-07/07/23,mpl,SANDALWOOD,no,?,,,,, ,LOPEMAN/JOSEPH LAN,t2,mpl,kp,f,SND,h3,LR,CQN512768,MH27,FISTD,plybox,,,,
6/27/2023,Wall,382212,40,L1719,3122328,32,W3012B,1,1,0,0,0,0,0,0,0,0,0,0,0,0,0,0,0,0,0,0,0,t2,REG,6/29/2023,07/03/23-07/07/23,mpl,SANDALWOOD,no,?,,,,, ,LOPEMAN/JOSEPH LAN,t2,mpl,kp,f,h3,SND,plybox,,,,,,,,
6/27/2023,Wall,382212,40,L1719,3122328,33,24W3612B,2,2,0,0,0,0,0,0,0,0,0,0,0,0,0,0,0,0,0,0,0,t2,REG,6/29/2023,07/03/23-07/07/23,mpl,SANDALWOOD,no,?,,,,, ,LOPEMAN/JOSEPH LAN,t2,mpl,kp,f,h3,SND,plybox,MD30,,,,,,,
6/27/2023,Wall,382212,40,L1719,3122328,34,24W3312B,2,2,0,0,0,0,0,0,0,0,0,0,0,0,0,0,0,0,0,0,0,t2,REG,6/29/2023,07/03/23-07/07/23,mpl,SANDALWOOD,no,?,,,,, ,LOPEMAN/JOSEPH LAN,t2,mpl,kp,f,h3,SND,plybox,MD30,,,,,,,
6/27/2023,Wall,382212,40,L1719,3122328,35,WBC4830,1,1,0,0,0,0,0,0,0,0,0,0,0,0,0,0,0,0,0,0,0,t2,REG,6/29/2023,07/03/23-07/07/23,mpl,SANDALWOOD,no,?,,,,, ,LOPEMAN/JOSEPH LAN,t2,mpl,kp,f,SND,h3,fbr,plybox,web,,,,,,
6/27/2023,Wall,382212,40,L1719,3122328,36,W3012B,1,1,0,0,0,0,0,0,0,0,0,0,0,0,0,0,0,0,0,0,0,t2,REG,6/29/2023,07/03/23-07/07/23,mpl,SANDALWOOD,no,?,,,,, ,LOPEMAN/JOSEPH LAN,t2,mpl,kp,f,SND,h3,LR,ffd,TSA,FTSF,,,,,
6/27/2023,Wall,382212,40,L1719,3122328,37,W3012B,2,2,0,0,0,0,0,0,0,0,0,0,0,0,0,0,0,0,0,0,0,t2,REG,6/29/2023,07/03/23-07/07/23,mpl,SANDALWOOD,no,?,,,,, ,LOPEMAN/JOSEPH LAN,t2,mpl,kp,f,SND,h3,LR,FFD,TSA,FTSF,,,,,
6/27/2023,Wall,382212,40,L1719,3122328,38,W2712B,2,2,0,0,0,0,0,0,0,0,0,0,0,0,0,0,0,0,0,0,0,t2,REG,6/29/2023,07/03/23-07/07/23,mpl,SANDALWOOD,no,?,,,,, ,LOPEMAN/JOSEPH LAN,t2,mpl,kp,f,SND,h3,LR,FFD,TSA,FTSF,,,,,
6/27/2023,Wall,382212,40,L1719,3122328,39,W3012B,1,1,0,0,0,0,0,0,0,0,0,0,0,0,0,0,0,0,0,0,0,t2,REG,6/29/2023,07/03/23-07/07/23,mpl,SANDALWOOD,no,?,,,,, ,LOPEMAN/JOSEPH LAN,t2,mpl,kp,f,SND,h3,LR,FFD,TSA,FTSF,,,,,
6/27/2023,Wall,382212,40,L1719,3122328,40,W4218,1,1,0,0,0,0,0,0,0,0,0,0,0,0,0,0,0,0,0,0,0,t2,REG,6/29/2023,07/03/23-07/07/23,mpl,SANDALWOOD,no,?,,,,, ,LOPEMAN/JOSEPH LAN,t2,mpl,kp,f,h3,SND,plybox,MD8,,,,,,,
6/27/2023,Tall,382212,40,L1719,3122328,42,24UT3384B-4,1,0,0,0,0,0,0,0,0,0,0,0,0,0,0,0,0,0,0,0,0,t2,REG,6/29/2023,07/03/23-07/07/23,mpl,SANDALWOOD,no,?,,,,, ,LOPEMAN/JOSEPH LAN,t2,mpl,kp,f,SND,h3,LR,MH81,EPBB6.00,plybox,WETL,,,,
6/27/2023,Tall,382212,40,L1719,3122328,43,24UT3384B-4,1,1,0,0,0,0,0,0,0,0,0,0,0,0,0,0,0,0,0,0,0,t2,REG,6/29/2023,07/03/23-07/07/23,mpl,SANDALWOOD,no,?,,,,, ,LOPEMAN/JOSEPH LAN,t2,mpl,kp,f,SND,h3,LR,MH81,EPBB6.00,plybox,,,,,
6/27/2023,Wall,382212,40,L1719,3129702,2,CQW,1,0,0,0,0,0,0,0,0,0,0,0,0,0,0,0,0,0,0,0,0,t2,REG,6/29/2023,07/03/23-07/07/23,mpl,SANDALWOOD,no,?,,,,, ,LOPEMAN/JOSEPH LAN,t2,mpl,kp,f,SND,h3,LR,CQN512768,MH27,FISTD,,,,,
6/27/2023,Wall,382212,40,L1719,3129702,3,WBC4830B,1,1,0,0,0,0,0,0,0,0,0,0,0,0,0,0,0,0,0,0,0,t2,REG,6/29/2023,07/03/23-07/07/23,mpl,SANDALWOOD,no,?,,,,, ,LOPEMAN/JOSEPH LAN,t2,mpl,kp,f,SND,h3,BLR,MD24,plybox,WEB,,,,,
6/27/2023,Wall,382212,40,L1719,3129702,4,WBC4830B,1,1,0,0,0,0,0,0,0,0,0,0,0,0,0,0,0,0,0,0,0,t2,REG,6/29/2023,07/03/23-07/07/23,mpl,SANDALWOOD,no,?,,,,, ,LOPEMAN/JOSEPH LAN,t2,mpl,kp,f,SND,h3,BLR,plybox,WEB,,,,,,
6/27/2023,Wall,382212,20,70535,3130254,3,24W3036PD,1,0,0,0,0,0,0,0,0,0,0,0,0,0,0,0,0,0,0,0,0,YZ,REG,6/29/2023,07/03/23-07/07/23,MPL,GALE CLASSIC,no,?,,,,,KIT,Ryan_Kitch/108770,YZ,MPL,23K,F,GAL,LR,CLSC,FIO,EBR1.50,EPDB1.50,PLYBOX,,,,
6/27/2023,Wall,382212,20,70535,3130254,5,W3636B,1,1,0,0,0,0,0,0,0,0,0,0,0,0,0,0,0,0,0,0,0,YZ,REG,6/29/2023,07/03/23-07/07/23,MPL,GALE CLASSIC,no,?,,,,, ,Ryan_Kitch/108770,YZ,MPL,23K,F,GAL,H3,LR,CLSC,MD29.50,,,,,,
6/27/2023,Wall,382212,20,70535,3130254,6,W3036B,1,1,0,0,0,0,0,0,0,0,0,0,0,0,0,0,0,0,0,0,0,YZ,REG,6/29/2023,07/03/23-07/07/23,MPL,GALE CLASSIC,no,?,,,,, ,Ryan_Kitch/108770,YZ,MPL,23K,F,H3,GAL,CLSC,MD24,,,,,,,
6/27/2023,Wall,382212,20,70535,3130254,7,W2136,1,1,0,0,0,0,0,0,0,0,0,0,0,0,0,0,0,0,0,0,0,YZ,REG,6/29/2023,07/03/23-07/07/23,MPL,GALE CLASSIC,no,?,,,,, ,Ryan_Kitch/108770,YZ,MPL,23K,F,H3,GAL,CLSC,R,MW20,,,,,,
6/27/2023,Wall,382212,20,70535,3130254,8,W2436B,1,1,0,0,0,0,0,0,0,0,0,0,0,0,0,0,0,0,0,0,0,YZ,REG,6/29/2023,07/03/23-07/07/23,MPL,GALE CLASSIC,no,?,,,,, ,Ryan_Kitch/108770,YZ,MPL,23K,F,H3,GAL,CLSC,,,,,,,,
6/27/2023,Wall,382212,20,70535,3130254,9,W2118,1,1,0,0,0,0,0,0,0,0,0,0,0,0,0,0,0,0,0,0,0,YZ,REG,6/29/2023,07/03/23-07/07/23,MPL,GALE CLASSIC,no,?,,,,, ,Ryan_Kitch/108770,YZ,MPL,23K,F,H3,GAL,CLSC,R,MW20,,,,,,
6/27/2023,Wall,382212,20,70535,3130254,10,W2418B,1,1,0,0,0,0,0,0,0,0,0,0,0,0,0,0,0,0,0,0,0,YZ,REG,6/29/2023,07/03/23-07/07/23,MPL,GALE CLASSIC,no,?,,,,, ,Ryan_Kitch/108770,YZ,MPL,23K,F,H3,GAL,CLSC,,,,,,,,
6/27/2023,Wall,382212,20,70535,3130254,11,W2436B,1,1,0,0,0,0,0,0,0,0,0,0,0,0,0,0,0,0,0,0,0,YZ,REG,6/29/2023,07/03/23-07/07/23,MPL,GALE CLASSIC,no,?,,,,, ,Ryan_Kitch/108770,YZ,MPL,23K,F,H3,GAL,CLSC,,,,,,,,
6/27/2023,Wall,382212,20,70535,3130254,12,W2136,1,1,0,0,0,0,0,0,0,0,0,0,0,0,0,0,0,0,0,0,0,YZ,REG,6/29/2023,07/03/23-07/07/23,MPL,GALE CLASSIC,no,?,,,,, ,Ryan_Kitch/108770,YZ,MPL,23K,F,H3,GAL,CLSC,L,,,,,,,
6/27/2023,Wall,382212,20,70535,3130254,13,W2436B,1,1,0,0,0,0,0,0,0,0,0,0,0,0,0,0,0,0,0,0,0,YZ,REG,6/29/2023,07/03/23-07/07/23,MPL,GALE CLASSIC,no,?,,,,, ,Ryan_Kitch/108770,YZ,MPL,23K,F,H3,GAL,CLSC,,,,,,,,
6/27/2023,Wall,382212,20,70535,3130254,14,W2418B,1,0,0,0,0,0,0,0,0,0,0,0,0,0,0,0,0,0,0,0,0,YZ,REG,6/29/2023,07/03/23-07/07/23,MPL,GALE CLASSIC,no,?,,,,, ,Ryan_Kitch/108770,YZ,MPL,23K,F,H3,GAL,CLSC,,,,,,,,
6/27/2023,Wall,382212,20,70535,3130254,15,W2118,1,0,0,0,0,0,0,0,0,0,0,0,0,0,0,0,0,0,0,0,0,YZ,REG,6/29/2023,07/03/23-07/07/23,MPL,GALE CLASSIC,no,?,,,,, ,Ryan_Kitch/108770,YZ,MPL,23K,F,H3,GAL,CLSC,L,,,,,,,
6/27/2023,Wall,382212,20,70535,3130254,16,W2418B,1,0,0,0,0,0,0,0,0,0,0,0,0,0,0,0,0,0,0,0,0,YZ,REG,6/29/2023,07/03/23-07/07/23,MPL,GALE CLASSIC,no,?,,,,, ,Ryan_Kitch/108770,YZ,MPL,23K,F,H3,GAL,CLSC,,,,,,,,
6/27/2023,Wall,382212,20,70535,3130254,17,W2436B,1,0,0,0,0,0,0,0,0,0,0,0,0,0,0,0,0,0,0,0,0,YZ,REG,6/29/2023,07/03/23-07/07/23,MPL,GALE CLASSIC,no,?,,,,, ,Ryan_Kitch/108770,YZ,MPL,23K,F,H3,GAL,CLSC,,,,,,,,
6/27/2023,Wall,382212,20,70535,3130254,18,W2418B,1,0,0,0,0,0,0,0,0,0,0,0,0,0,0,0,0,0,0,0,0,YZ,REG,6/29/2023,07/03/23-07/07/23,MPL,GALE CLASSIC,no,?,,,,, ,Ryan_Kitch/108770,YZ,MPL,23K,F,H3,GAL,CLSC,,,,,,,,
6/27/2023,Base,382212,20,70535,3130254,23,BFH09,1,0,0,0,0,0,0,0,0,0,0,0,0,0,0,0,0,0,0,0,0,YZ,REG,6/29/2023,07/03/23-07/07/23,MPL,GALE CLASSIC,no,?,,,,, ,Ryan_Kitch/108770,YZ,MPL,23K,F,GAL,H3,NH,BOXO,CLSC,,,,,,
6/27/2023,Base,382212,20,70535,3130254,24,BFHC09,1,0,0,0,0,0,0,0,0,0,0,0,0,0,0,0,0,0,0,0,0,YZ,REG,6/29/2023,07/03/23-07/07/23,MPL,GALE CLASSIC,no,?,,,,,KIT,Ryan_Kitch/108770,YZ,MPL,23K,F,H3,GAL,CLSC,,,,,,,,
6/27/2023,Base,382212,20,70535,3130254,25,3DB30,1,0,0,0,0,0,0,0,0,0,0,0,0,0,0,0,0,0,0,0,0,YZ,REG,6/29/2023,07/03/23-07/07/23,MPL,GALE CLASSIC,no,?,,,,, ,Ryan_Kitch/108770,YZ,MPL,23K,F,H3,GAL,CLSC,TKD,,,,,,,
6/27/2023,Base,382212,20,70535,3130254,26,B36B,1,0,0,0,0,0,0,0,0,0,0,0,0,0,0,0,0,0,0,0,0,YZ,REG,6/29/2023,07/03/23-07/07/23,MPL,GALE CLASSIC,no,?,,,,, ,Ryan_Kitch/108770,YZ,MPL,23K,F,H3,GAL,CLSC,WEL,FDS,,,,,,
6/27/2023,Base,382212,20,70535,3130254,27,SBA39,1,1,0,0,0,0,0,0,0,0,0,0,0,0,0,0,0,0,0,0,0,YZ,REG,6/29/2023,07/03/23-07/07/23,MPL,GALE CLASSIC,no,?,,,,, ,Ryan_Kitch/108770,YZ,MPL,23K,F,GAL,H3,LR,CLSC,WER,,,,,,
6/27/2023,Base,382212,20,70535,3130254,28,B36B,1,0,0,0,0,0,0,0,0,0,0,0,0,0,0,0,0,0,0,0,0,YZ,REG,6/29/2023,07/03/23-07/07/23,MPL,GALE CLASSIC,no,?,,,,, ,Ryan_Kitch/108770,YZ,MPL,23K,F,GAL,H3,LR,CLSC,tkd,WEL,FDS,,,,
6/27/2023,Base,382212,20,70535,3130254,29,3DB27,1,0,0,0,0,0,0,0,0,0,0,0,0,0,0,0,0,0,0,0,0,YZ,REG,6/29/2023,07/03/23-07/07/23,MPL,GALE CLASSIC,no,?,,,,, ,Ryan_Kitch/108770,YZ,MPL,23K,F,H3,GAL,CLSC,WER,,,,,,,
6/27/2023,Base,382212,20,70535,3130254,30,3DB27,1,0,0,0,0,0,0,0,0,0,0,0,0,0,0,0,0,0,0,0,0,YZ,REG,6/29/2023,07/03/23-07/07/23,MPL,GALE CLASSIC,no,?,,,,, ,Ryan_Kitch/108770,YZ,MPL,23K,F,H3,GAL,CLSC,WEL,,,,,,,
6/27/2023,Base,382212,20,70535,3130254,31,BFH21,1,0,0,0,0,0,0,0,0,0,0,0,0,0,0,0,0,0,0,0,0,YZ,REG,6/29/2023,07/03/23-07/07/23,MPL,GALE CLASSIC,no,?,,,,, ,Ryan_Kitch/108770,YZ,MPL,23K,F,H3,GAL,CLSC,R,MW20,,,,,,
6/27/2023,SSusans,382212,20,70535,3130254,32,ASSCB36L33R,1,0,0,0,0,0,0,0,0,0,0,0,0,0,0,0,0,0,0,0,0,YZ,REG,6/29/2023,07/03/23-07/07/23,MPL,GALE CLASSIC,no,?,,,,, ,Ryan_Kitch/108770,YZ,MPL,23K,F,H3,GAL,CLSC,R,FFER,,,,,,
6/27/2023,Base,382212,20,70535,3130254,33,24DB2118,1,0,0,0,0,0,0,0,0,0,0,0,0,0,0,0,0,0,0,0,0,YZ,REG,6/29/2023,07/03/23-07/07/23,MPL,GALE CLASSIC,no,?,,,,, ,Ryan_Kitch/108770,YZ,MPL,23K,F,H3,GAL,CLSC,MH11,,,,,,,
6/27/2023,SSusans,382212,20,70535,3130254,34,ASSCB33L36R,1,0,0,0,0,0,0,0,0,0,0,0,0,0,0,0,0,0,0,0,0,YZ,REG,6/29/2023,07/03/23-07/07/23,MPL,GALE CLASSIC,no,?,,,,, ,Ryan_Kitch/108770,YZ,MPL,23K,F,H3,GAL,CLSC,L,FFEL,,,,,,
6/27/2023,Base,382212,20,70535,3130254,35,B3D21,1,0,0,0,0,0,0,0,0,0,0,0,0,0,0,0,0,0,0,0,0,YZ,REG,6/29/2023,07/03/23-07/07/23,MPL,GALE CLASSIC,no,?,,,,, ,Ryan_Kitch/108770,YZ,MPL,23K,F,H3,GAL,CLSC,,,,,,,,
6/27/2023,Base,382212,20,70535,3130254,36,BFH24B,1,0,0,0,0,0,0,0,0,0,0,0,0,0,0,0,0,0,0,0,0,YZ,REG,6/29/2023,07/03/23-07/07/23,MPL,GALE CLASSIC,no,?,,,,, ,Ryan_Kitch/108770,YZ,MPL,23K,F,H3,GAL,CLSC,,,,,,,,
6/27/2023,Base,382212,20,70535,3130254,38,BFH24B,1,0,0,0,0,0,0,0,0,0,0,0,0,0,0,0,0,0,0,0,0,YZ,REG,6/29/2023,07/03/23-07/07/23,MPL,GALE CLASSIC,no,?,,,,, ,Ryan_Kitch/108770,YZ,MPL,23K,F,GAL,H3,LR,CLSC,MD16.5,,,,,,
6/27/2023,Base,382212,20,70535,3130254,39,SB21,1,0,0,0,0,0,0,0,0,0,0,0,0,0,0,0,0,0,0,0,0,YZ,REG,6/29/2023,07/03/23-07/07/23,MPL,GALE CLASSIC,no,?,,,,, ,Ryan_Kitch/108770,YZ,MPL,23K,F,H3,GAL,CLSC,R,FFER,FTSF,MD6,,,,
6/27/2023,Base,382212,20,70535,3130254,40,SB21,1,0,0,0,0,0,0,0,0,0,0,0,0,0,0,0,0,0,0,0,0,YZ,REG,6/29/2023,07/03/23-07/07/23,MPL,GALE CLASSIC,no,?,,,,, ,Ryan_Kitch/108770,YZ,MPL,23K,F,H3,GAL,CLSC,L,FFEL,FTSF,MD6,,,,
6/27/2023,Base,382212,20,70535,3130254,41,SBD36B,1,0,0,0,0,0,0,0,0,0,0,0,0,0,0,0,0,0,0,0,0,YZ,REG,6/29/2023,07/03/23-07/07/23,MPL,GALE CLASSIC,no,?,,,,, ,Ryan_Kitch/108770,YZ,MPL,23K,F,GAL,H3,NH,CLSC,MD21,FIO,BWDF,FTSF,PLYBOX,,
6/27/2023,Base,382212,20,70535,3130254,42,B18DWB,1,0,0,0,0,0,0,0,0,0,0,0,0,0,0,0,0,0,0,0,0,YZ,REG,6/29/2023,07/03/23-07/07/23,MPL,GALE CLASSIC,no,?,,,,, ,Ryan_Kitch/108770,YZ,MPL,23K,F,H3,GAL,CLSC,FTSF,,,,,,,
6/27/2023,Base,382212,20,70535,3130254,43,3DB36,1,0,0,0,0,0,0,0,0,0,0,0,0,0,0,0,0,0,0,0,0,YZ,REG,6/29/2023,07/03/23-07/07/23,MPL,GALE CLASSIC,no,?,,,,, ,Ryan_Kitch/108770,YZ,MPL,23K,F,H3,GAL,CLSC,FTSF,,,,,,,
6/27/2023,Base,382212,20,70535,3130254,44,3DB18,1,0,0,0,0,0,0,0,0,0,0,0,0,0,0,0,0,0,0,0,0,YZ,REG,6/29/2023,07/03/23-07/07/23,MPL,GALE CLASSIC,no,?,,,,, ,Ryan_Kitch/108770,YZ,MPL,23K,F,H3,GAL,CLSC,FTSF,,,,,,,
6/27/2023,Base,382212,20,70535,3130254,45,3DB36,1,0,0,0,0,0,0,0,0,0,0,0,0,0,0,0,0,0,0,0,0,YZ,REG,6/29/2023,07/03/23-07/07/23,MPL,GALE CLASSIC,no,?,,,,, ,Ryan_Kitch/108770,YZ,MPL,23K,F,H3,GAL,CLSC,FTSF,,,,,,,
6/27/2023,Base,382212,20,70535,3130254,46,B18HSOS,1,0,0,0,0,0,0,0,0,0,0,0,0,0,0,0,0,0,0,0,0,YZ,REG,6/29/2023,07/03/23-07/07/23,MPL,GALE CLASSIC,no,?,,,,, ,Ryan_Kitch/108770,YZ,MPL,23K,F,H3,GAL,CLSC,FTSF,,,,,,,
6/27/2023,Base,382212,20,70535,3130254,47,BFH42,1,0,0,0,0,0,0,0,0,0,0,0,0,0,0,0,0,0,0,0,0,YZ,REG,6/29/2023,07/03/23-07/07/23,MPL,GALE CLASSIC,no,?,,,,, ,Ryan_Kitch/108770,YZ,MPL,23K,F,H3,GAL,CLSC,FTSF,,,,,,,
6/27/2023,Base,382212,20,70535,3130254,48,BFH42,1,0,0,0,0,0,0,0,0,0,0,0,0,0,0,0,0,0,0,0,0,YZ,REG,6/29/2023,07/03/23-07/07/23,MPL,GALE CLASSIC,no,?,,,,, ,Ryan_Kitch/108770,YZ,MPL,23K,F,H3,GAL,CLSC,FTSF,,,,,,,
6/27/2023,Base,382212,20,70535,3130254,49,BFH42,1,0,0,0,0,0,0,0,0,0,0,0,0,0,0,0,0,0,0,0,0,YZ,REG,6/29/2023,07/03/23-07/07/23,MPL,GALE CLASSIC,no,?,,,,, ,Ryan_Kitch/108770,YZ,MPL,23K,F,H3,GAL,CLSC,FTSF,,,,,,,
6/27/2023,Base,382212,20,70535,3130254,50,SB21,1,0,0,0,0,0,0,0,0,0,0,0,0,0,0,0,0,0,0,0,0,YZ,REG,6/29/2023,07/03/23-07/07/23,MPL,GALE CLASSIC,no,?,,,,, ,Ryan_Kitch/108770,YZ,MPL,23K,F,H3,GAL,CLSC,R,FFEL,FTSF,MD6,,,,
6/27/2023,Base,382212,20,70535,3130254,51,SB21,1,0,0,0,0,0,0,0,0,0,0,0,0,0,0,0,0,0,0,0,0,YZ,REG,6/29/2023,07/03/23-07/07/23,MPL,GALE CLASSIC,no,?,,,,, ,Ryan_Kitch/108770,YZ,MPL,23K,F,H3,GAL,CLSC,L,FFER,FTSF,MD6,,,,
6/27/2023,Base,382212,20,70535,3130254,52,SBD36B,1,0,0,0,0,0,0,0,0,0,0,0,0,0,0,0,0,0,0,0,0,YZ,REG,6/29/2023,07/03/23-07/07/23,MPL,GALE CLASSIC,no,?,,,,, ,Ryan_Kitch/108770,YZ,MPL,23K,F,GAL,H3,LR,CLSC,MD21,FTSF,,,,,
6/27/2023,Base,382212,20,70535,3130254,86,B27B,1,0,0,0,0,0,0,0,0,0,0,0,0,0,0,0,0,0,0,0,0,YZ,REG,6/29/2023,07/03/23-07/07/23,MPL,DUSK CLASSIC,no,?,,,,, ,Ryan_Kitch/108770,YZ,MPL,23K,F,DSK,H3,LR,CLSC,MH40.5,epbb6.00,WER,1ISOS27,FDS,,
6/27/2023,Tall,382212,20,70535,3130254,88,24UCS3096B,1,1,0,0,0,0,0,0,0,0,0,0,0,0,0,0,0,0,0,0,0,YZ,REG,6/29/2023,07/03/23-07/07/23,MPL,DUSK CLASSIC,no,?,,,,, ,Ryan_Kitch/108770,YZ,MPL,23K,F,DSK,H3,LR,CLSC,MD30,MIRF30,CP,,,,
6/27/2023,Tall,382212,20,70535,3130254,89,24UCS2796B,1,0,0,0,0,0,0,0,0,0,0,0,0,0,0,0,0,0,0,0,0,YZ,REG,6/29/2023,07/03/23-07/07/23,MPL,DUSK CLASSIC,no,?,,,,, ,Ryan_Kitch/108770,YZ,MPL,23K,F,H3,DSK,CLSC,MD30,FIO,PLYBOX,FFETR,MIRF30.0,BOXO,,
6/27/2023,Base,382212,20,70535,3130284,1,BWCV34,1,0,0,0,0,0,0,0,0,0,0,0,0,0,0,0,0,0,0,0,0,YZ,REG,6/29/2023,07/03/23-07/07/23,MPL,CELESTE CLASSIC,no,?,,,,, ,Ryan_Bar_M/108770,YZ,MPL,23K,F,H3,CLS,CLSC,,,,,,,,
6/27/2023,Base,382212,20,70535,3130284,2,SB27B,1,0,0,0,0,0,0,0,0,0,0,0,0,0,0,0,0,0,0,0,0,YZ,REG,6/29/2023,07/03/23-07/07/23,MPL,CELESTE CLASSIC,no,?,,,,, ,Ryan_Bar_M/108770,YZ,MPL,23K,F,H3,CLS,CLSC,FFEB,,,,,,,
6/27/2023,Base,382212,20,70535,3130284,3,BWCV34,1,0,0,0,0,0,0,0,0,0,0,0,0,0,0,0,0,0,0,0,0,YZ,REG,6/29/2023,07/03/23-07/07/23,MPL,CELESTE CLASSIC,no,?,,,,, ,Ryan_Bar_M/108770,YZ,MPL,23K,F,H3,CLS,CLSC,,,,,,,,
6/27/2023,Base,382212,20,70535,3130284,10,12BFH21,1,0,0,0,0,0,0,0,0,0,0,0,0,0,0,0,0,0,0,0,0,YZ,REG,6/29/2023,07/03/23-07/07/23,MPL,GRAY OWL CLASSIC,no,?,,,,, ,Ryan_Bar_M/108770,YZ,MPL,23K,F,GOW,H3,R,CLSC,,,,,,,
6/27/2023,Base,382212,20,70535,3130284,11,21VGR09D,1,0,0,0,0,0,0,0,0,0,0,0,0,0,0,0,0,0,0,0,0,YZ,REG,6/29/2023,07/03/23-07/07/23,MPL,GRAY OWL CLASSIC,no,?,,,,,KIT,Ryan_Bar_M/108770,YZ,MPL,23K,F,H3,GOW,CLSC,MD24,WER,,,,,,
6/27/2023,Vanity,382212,20,70535,3130284,12,21VDB12,1,0,0,0,0,0,0,0,0,0,0,0,0,0,0,0,0,0,0,0,0,YZ,REG,6/29/2023,07/03/23-07/07/23,MPL,GRAY OWL CLASSIC,no,?,,,,, ,Ryan_Bar_M/108770,YZ,MPL,23K,F,H3,GOW,CLSC,MD24,WEL,,,,,,
6/27/2023,Vanity,382212,20,70535,3130284,13,24DD245,1,0,0,0,0,0,0,0,0,0,0,0,0,0,0,0,0,0,0,0,0,YZ,REG,6/29/2023,07/03/23-07/07/23,MPL,GRAY OWL CLASSIC,no,?,,,,, ,Ryan_Bar_M/108770,YZ,MPL,23K,F,H3,GOW,CLSC,MW21,,,,,,,
6/27/2023,Tall,382212,20,70535,3130284,14,18VLCD24102B,1,0,0,0,0,0,0,0,0,0,0,0,0,0,0,0,0,0,0,0,0,YZ,REG,6/29/2023,07/03/23-07/07/23,MPL,GRAY OWL CLASSIC,no,?,,,,, ,Ryan_Bar_M/108770,YZ,MPL,23K,F,H3,GOW,CLSC,MW29,,,,,,,
6/27/2023,Tall,382212,30,L1033,3136894,4,24UCS1896,1,1,0,0,0,0,0,0,0,0,0,0,0,0,0,0,0,0,0,0,0,t2,REG,6/29/2023,07/03/23-07/07/23,mpl,IRISH CREAM CLASSIC,no,?,,,,, ,Favreau/SUSAN HOLL,t2,mpl,b3,f,h3,IRC,CLSC,L,plybox,MD18,,,,,
6/27/2023,Tall,382212,30,L1033,3136894,5,24UCS1896,1,1,0,0,0,0,0,0,0,0,0,0,0,0,0,0,0,0,0,0,0,t2,REG,6/29/2023,07/03/23-07/07/23,mpl,IRISH CREAM CLASSIC,no,?,,,,, ,Favreau/SUSAN HOLL,t2,mpl,b3,f,h3,IRC,CLSC,R,plybox,MD18,,,,,
6/27/2023,Base,382212,20,L792,3136900,4,B18DWB,1,0,0,0,0,0,0,0,0,0,0,0,0,0,0,0,0,0,0,0,0,t2,REG,6/29/2023,07/03/23-07/07/23,mpl,MAGNOLIA CLASSIC,no,?,,,,, ,MOESTA/WES PALA 2,t2,mpl,b3,f,h3,MGN,CLSC,plybox,1FHMEL,,,,,,
6/27/2023,Base,382212,20,L792,3136900,5,BT24B-2,1,0,0,0,0,0,0,0,0,0,0,0,0,0,0,0,0,0,0,0,0,t2,REG,6/29/2023,07/03/23-07/07/23,mpl,MAGNOLIA CLASSIC,no,?,,,,, ,MOESTA/WES PALA 2,t2,mpl,b3,f,h3,MGN,CLSC,plybox,,,,,,,
6/27/2023,Base,382212,20,L792,3136900,6,3DB18,2,0,0,0,0,0,0,0,0,0,0,0,0,0,0,0,0,0,0,0,0,t2,REG,6/29/2023,07/03/23-07/07/23,mpl,MAGNOLIA CLASSIC,no,?,,,,, ,MOESTA/WES PALA 2,t2,mpl,b3,f,h3,MGN,CLSC,plybox,1FHMER,,,,,,
6/27/2023,Base,382212,20,L792,3136900,7,12BFH30B,1,0,0,0,0,0,0,0,0,0,0,0,0,0,0,0,0,0,0,0,0,t2,REG,6/29/2023,07/03/23-07/07/23,mpl,MAGNOLIA CLASSIC,no,?,,,,, ,MOESTA/WES PALA 2,t2,mpl,b3,f,h3,MGN,CLSC,plybox,1FHMEL,,,,,,
6/27/2023,Base,382212,20,L792,3136900,8,12BFH30B,1,0,0,0,0,0,0,0,0,0,0,0,0,0,0,0,0,0,0,0,0,t2,REG,6/29/2023,07/03/23-07/07/23,mpl,MAGNOLIA CLASSIC,no,?,,,,, ,MOESTA/WES PALA 2,t2,mpl,b3,f,h3,MGN,CLSC,plybox,WER,,,,,,
6/27/2023,Base,382212,20,L792,3136900,9,TB09,1,0,0,0,0,0,0,0,0,0,0,0,0,0,0,0,0,0,0,0,0,t2,REG,6/29/2023,07/03/23-07/07/23,mpl,MAGNOLIA CLASSIC,no,?,,,,, ,MOESTA/WES PALA 2,t2,mpl,b3,f,h3,MGN,CLSC,L,plybox,1FHMEL,,,,,
6/27/2023,Base,382212,20,L792,3136900,10,SB33BSM,1,0,0,0,0,0,0,0,0,0,0,0,0,0,0,0,0,0,0,0,0,t2,REG,6/29/2023,07/03/23-07/07/23,mpl,MAGNOLIA CLASSIC,no,?,,,,,KIT,MOESTA/WES PALA 2,t2,mpl,b3,f,h3,MGN,CLSC,plybox,,,,,,,
6/27/2023,Base,382212,20,L792,3136900,11,BFHC12,1,0,0,0,0,0,0,0,0,0,0,0,0,0,0,0,0,0,0,0,0,t2,REG,6/29/2023,07/03/23-07/07/23,mpl,MAGNOLIA CLASSIC,no,?,,,,,KIT,MOESTA/WES PALA 2,t2,mpl,b3,f,h3,MGN,CLSC,plybox,,,,,,,
6/27/2023,Base,382212,20,L792,3136900,12,BPS12,1,0,0,0,0,0,0,0,0,0,0,0,0,0,0,0,0,0,0,0,0,t2,REG,6/29/2023,07/03/23-07/07/23,mpl,MAGNOLIA CLASSIC,no,?,,,,,KIT,MOESTA/WES PALA 2,t2,mpl,b3,f,h3,MGN,CLSC,plybox,,,,,,,
6/27/2023,Base,382212,20,L792,3136900,13,3DB21,1,0,0,0,0,0,0,0,0,0,0,0,0,0,0,0,0,0,0,0,0,t2,REG,6/29/2023,07/03/23-07/07/23,mpl,MAGNOLIA CLASSIC,no,?,,,,, ,MOESTA/WES PALA 2,t2,mpl,b3,f,h3,MGN,CLSC,plybox,WER,,,,,,
6/27/2023,Base,382212,20,L792,3136900,14,B18,1,0,0,0,0,0,0,0,0,0,0,0,0,0,0,0,0,0,0,0,0,t2,REG,6/29/2023,07/03/23-07/07/23,mpl,MAGNOLIA CLASSIC,no,?,,,,, ,MOESTA/WES PALA 2,t2,mpl,b3,f,h3,MGN,CLSC,R,plybox,1FHMER,WEL,,,,
6/27/2023,Wall,382212,20,L792,3136900,15,W3642B,1,0,0,0,0,0,0,0,0,0,0,0,0,0,0,0,0,0,0,0,0,t2,REG,6/29/2023,07/03/23-07/07/23,mpl,MAGNOLIA CLASSIC,no,?,,,,, ,MOESTA/WES PALA 2,t2,mpl,b3,f,h3,MGN,CLSC,plybox,1FHMEL,1FHMER,,,,,
6/27/2023,Wall,382212,20,L792,3136900,16,W1542,1,0,0,0,0,0,0,0,0,0,0,0,0,0,0,0,0,0,0,0,0,t2,REG,6/29/2023,07/03/23-07/07/23,mpl,MAGNOLIA CLASSIC,no,?,,,,, ,MOESTA/WES PALA 2,t2,mpl,b3,f,h3,MGN,CLSC,L,plybox,1FHMEL,WER,,,,
6/27/2023,Wall,382212,20,L792,3136900,17,W3021B,1,0,0,0,0,0,0,0,0,0,0,0,0,0,0,0,0,0,0,0,0,t2,REG,6/29/2023,07/03/23-07/07/23,mpl,MAGNOLIA CLASSIC,no,?,,,,, ,MOESTA/WES PALA 2,t2,mpl,b3,f,h3,MGN,CLSC,plybox,WEL,,,,,,
6/27/2023,Wall,382212,20,L792,3136900,18,W3042B,1,0,0,0,0,0,0,0,0,0,0,0,0,0,0,0,0,0,0,0,0,t2,REG,6/29/2023,07/03/23-07/07/23,mpl,MAGNOLIA CLASSIC,no,?,,,,, ,MOESTA/WES PALA 2,t2,mpl,b3,f,h3,MGN,CLSC,plybox,1FHMER,WEL,,,,,
6/27/2023,Wall,382212,20,L792,3136900,19,24W3724B,1,0,0,0,0,0,0,0,0,0,0,0,0,0,0,0,0,0,0,0,0,t2,REG,6/29/2023,07/03/23-07/07/23,mpl,MAGNOLIA CLASSIC,no,?,,,,, ,MOESTA/WES PALA 2,t2,mpl,b3,f,h3,MGN,CLSC,plybox,,,,,,,
6/27/2023,Wall,382212,20,L792,3136900,20,WVL2118,1,0,0,0,0,0,0,0,0,0,0,0,0,0,0,0,0,0,0,0,0,t2,REG,6/29/2023,07/03/23-07/07/23,mpl,MAGNOLIA CLASSIC,no,?,,,,,KIT,MOESTA/WES PALA 2,t2,mpl,b3,f,MGN,CLSC,plybox,WER,,,,,,,
6/27/2023,Wall,382212,20,L792,3136900,21,W2142,1,0,0,0,0,0,0,0,0,0,0,0,0,0,0,0,0,0,0,0,0,t2,REG,6/29/2023,07/03/23-07/07/23,mpl,MAGNOLIA CLASSIC,no,?,,,,, ,MOESTA/WES PALA 2,t2,mpl,b3,f,h3,MGN,CLSC,L,plybox,,,,,,
6/27/2023,Wall,382212,20,L792,3136900,22,W2442B,1,0,0,0,0,0,0,0,0,0,0,0,0,0,0,0,0,0,0,0,0,t2,REG,6/29/2023,07/03/23-07/07/23,mpl,MAGNOLIA CLASSIC,no,?,,,,, ,MOESTA/WES PALA 2,t2,mpl,b3,f,h3,MGN,CLSC,plybox,2DG1,FIO,PLYBOX,plybox,,,
6/27/2023,Wall,382212,20,L792,3136900,23,W1842,1,0,0,0,0,0,0,0,0,0,0,0,0,0,0,0,0,0,0,0,0,t2,REG,6/29/2023,07/03/23-07/07/23,mpl,MAGNOLIA CLASSIC,no,?,,,,, ,MOESTA/WES PALA 2,t2,mpl,b3,f,h3,MGN,CLSC,R,plybox,1FHMER,,,,,
6/27/2023,Tall,382212,20,L792,3136900,24,24UT3396B-4,1,0,0,0,0,0,0,0,0,0,0,0,0,0,0,0,0,0,0,0,0,t2,REG,6/29/2023,07/03/23-07/07/23,mpl,MAGNOLIA CLASSIC,no,?,,,,, ,MOESTA/WES PALA 2,t2,mpl,b3,f,h3,MGN,CLSC,plybox,WETR,,,,,,
6/27/2023,Tall,382212,20,L792,3136900,25,24UT3396B-4,1,0,0,0,0,0,0,0,0,0,0,0,0,0,0,0,0,0,0,0,0,t2,REG,6/29/2023,07/03/23-07/07/23,mpl,MAGNOLIA CLASSIC,no,?,,,,, ,MOESTA/WES PALA 2,t2,mpl,b3,f,h3,MGN,CLSC,plybox,FFETR,,,,,,
6/27/2023,Base,382212,20,L1707,3139207,2,BFH27B,1,0,0,0,0,0,0,0,0,0,0,0,0,0,0,0,0,0,0,0,0,t2,REG,6/29/2023,07/03/23-07/07/23,rmp,SMOKE,no,?,,,,, ,Triple D G/JOHN PEARS,t2,rmp,pi,f,h3,SMK,plybox,WEL,,,,,,,
6/27/2023,Base,382212,20,L1707,3139207,3,2DB2734,1,1,0,0,0,0,0,0,0,0,0,0,0,0,0,0,0,0,0,0,0,t2,REG,6/29/2023,07/03/23-07/07/23,rmp,SMOKE,no,?,,,,, ,Triple D G/JOHN PEARS,t2,rmp,pi,f,h3,SMK,plybox,,,,,,,,
6/27/2023,Base,382212,20,L1707,3139207,4,4DB24,1,1,0,0,0,0,0,0,0,0,0,0,0,0,0,0,0,0,0,0,0,t2,REG,6/29/2023,07/03/23-07/07/23,rmp,SMOKE,no,?,,,,, ,Triple D G/JOHN PEARS,t2,rmp,pi,f,h3,SMK,plybox,,,,,,,,
6/27/2023,Base,382212,20,L1707,3139207,5,SB36B,1,0,0,0,0,0,0,0,0,0,0,0,0,0,0,0,0,0,0,0,0,t2,REG,6/29/2023,07/03/23-07/07/23,rmp,SMOKE,no,?,,,,, ,Triple D G/JOHN PEARS,t2,rmp,pi,f,h3,SMK,plybox,WER,,,,,,,
6/27/2023,Base,382212,20,L1707,3139207,6,4DB21,1,0,0,0,0,0,0,0,0,0,0,0,0,0,0,0,0,0,0,0,0,t2,REG,6/29/2023,07/03/23-07/07/23,rmp,SMOKE,no,?,,,,, ,Triple D G/JOHN PEARS,t2,rmp,pi,f,h3,SMK,plybox,WEB,,,,,,,
6/27/2023,Base,382212,20,L1707,3139207,7,BFHT21-2,1,1,0,0,0,0,0,0,0,0,0,0,0,0,0,0,0,0,0,0,0,t2,REG,6/29/2023,07/03/23-07/07/23,rmp,SMOKE,no,?,,,,, ,Triple D G/JOHN PEARS,t2,rmp,pi,f,h3,SMK,R,plybox,,,,,,,
6/27/2023,Hood,382212,20,L1707,3139207,9,21TAPHOODSL3630,1,0,0,0,0,0,0,0,0,0,0,0,0,0,0,0,0,0,0,0,0,t2,REG,6/29/2023,07/03/23-07/07/23,rmp,SMOKE,no,?,,,,, ,Triple D G/JOHN PEARS,t2,rmp,pi,f,h3,SMK,,,,,,,,,
6/27/2023,Tall,382212,20,L1707,3139207,11,24UT2496B-4,1,0,0,0,0,0,0,0,0,0,0,0,0,0,0,0,0,0,0,0,0,t2,REG,6/29/2023,07/03/23-07/07/23,rmp,SMOKE,no,?,,,,, ,Triple D G/JOHN PEARS,t2,rmp,pi,f,h3,SMK,plybox,WETB,,,,,,,
6/27/2023,Tall,382212,10,4140,3151379,2,21VLC1893/,1,1,0,0,0,0,0,0,0,0,0,0,0,0,0,0,0,0,0,0,3059116,SV,RP,6/29/2023,07/03/23-07/07/23,MPL,EAGLE ROCK,no,?,,,,, ,Nikki/109778,SV,MPL,JA,F,EGR,R,WETL,,,,,,,,
6/27/2023,Wall,382212,20,L2527,3154485,1,W4539,1,0,0,0,0,0,0,0,0,0,0,0,0,0,0,0,0,0,0,0,3113448,t2,repl,6/29/2023,07/03/23-07/07/23,ald,PEPPERCORN-EBONY GLZHGLT-ANTQ,no,?,,,,, ,Surratt/michelle b,t2,ald,PI,f,PPC,H3,LR,EBN,GLZHGLT,antq,FIO,2dg1,2GLR1,PLYBOX,dd11
6/27/2023,Wall,382212,10,4140,3156672,1,WDC1854/,1,0,0,0,0,0,0,0,0,0,0,0,0,0,0,0,0,0,0,0,3121869,SV,RP,6/29/2023,07/03/23-07/07/23,MPL,CELESTE CLASSIC,no,?,,,,, ,clarkadd/109778,SV,MPL,JA,F,CLS,L,CLSC,web,,,,,,,
6/27/2023,Wall,382215,10,75801,3127965,1,W3642B,1,0,0,0,0,0,0,0,0,0,0,0,0,0,0,0,0,0,0,0,0,YZ,REG,6/29/2023,07/03/23-07/07/23,MPL,DOCKSIDE,yes,?,,,,, ,9616/TIANA,YZ,MPL,226,F,DKS,H3,LR,FFER,,,,,,,
6/27/2023,Wall,382215,10,75801,3127965,4,W3642B,1,0,0,0,0,0,0,0,0,0,0,0,0,0,0,0,0,0,0,0,0,YZ,REG,6/29/2023,07/03/23-07/07/23,MPL,DOCKSIDE,yes,?,,,,, ,9616/TIANA,YZ,MPL,226,F,H3,DKS,FFEB,,,,,,,,
6/27/2023,Wall,382215,10,75801,3127965,5,24W3924,1,0,0,0,0,0,0,0,0,0,0,0,0,0,0,0,0,0,0,0,0,YZ,REG,6/29/2023,07/03/23-07/07/23,MPL,DOCKSIDE,yes,?,,,,, ,9616/TIANA,YZ,MPL,226,F,H3,DKS,,,,,,,,,
6/27/2023,Wall,382215,10,75801,3127965,6,24W3918,1,0,0,0,0,0,0,0,0,0,0,0,0,0,0,0,0,0,0,0,0,YZ,REG,6/29/2023,07/03/23-07/07/23,MPL,DOCKSIDE,yes,?,,,,, ,9616/TIANA,YZ,MPL,226,F,H3,DKS,,,,,,,,,
6/27/2023,Wall,382215,10,75801,3127965,7,W4242,1,0,0,0,0,0,0,0,0,0,0,0,0,0,0,0,0,0,0,0,0,YZ,REG,6/29/2023,07/03/23-07/07/23,MPL,DOCKSIDE,yes,?,,,,, ,9616/TIANA,YZ,MPL,226,F,H3,DKS,FFER,,,,,,,,
6/27/2023,Wall,382215,10,75801,3127965,8,W4218,1,0,0,0,0,0,0,0,0,0,0,0,0,0,0,0,0,0,0,0,0,YZ,REG,6/29/2023,07/03/23-07/07/23,MPL,DOCKSIDE,yes,?,,,,, ,9616/TIANA,YZ,MPL,226,F,H3,DKS,FFER,,,,,,,,
6/27/2023,Wall,382215,10,75801,3127965,9,W3642B,1,0,0,0,0,0,0,0,0,0,0,0,0,0,0,0,0,0,0,0,0,YZ,REG,6/29/2023,07/03/23-07/07/23,MPL,DOCKSIDE,yes,?,,,,, ,9616/TIANA,YZ,MPL,226,F,H3,DKS,FFEL,,,,,,,,
6/27/2023,Wall,382215,10,75801,3127965,10,W3618B,1,0,0,0,0,0,0,0,0,0,0,0,0,0,0,0,0,0,0,0,0,YZ,REG,6/29/2023,07/03/23-07/07/23,MPL,DOCKSIDE,yes,?,,,,, ,9616/TIANA,YZ,MPL,226,F,DKS,H3,LR,FIO,2DG1,PLYBOX,FFEL,,,,
6/27/2023,Wall,382215,10,75801,3127965,11,W1842,1,0,0,0,0,0,0,0,0,0,0,0,0,0,0,0,0,0,0,0,0,YZ,REG,6/29/2023,07/03/23-07/07/23,MPL,DOCKSIDE,yes,?,,,,, ,9616/TIANA,YZ,MPL,226,F,H3,DKS,L,FFER,,,,,,,
6/27/2023,Wall,382215,10,75801,3127965,12,W1818,1,0,0,0,0,0,0,0,0,0,0,0,0,0,0,0,0,0,0,0,0,YZ,REG,6/29/2023,07/03/23-07/07/23,MPL,DOCKSIDE,yes,?,,,,, ,9616/TIANA,YZ,MPL,226,F,H3,DKS,L,FFER,1DG1,FIO,PLYBOX,,,,
6/27/2023,Wall,382215,10,75801,3127965,13,W1842,1,0,0,0,0,0,0,0,0,0,0,0,0,0,0,0,0,0,0,0,0,YZ,REG,6/29/2023,07/03/23-07/07/23,MPL,DOCKSIDE,yes,?,,,,, ,9616/TIANA,YZ,MPL,226,F,H3,DKS,R,FFEL,,,,,,,
6/27/2023,Wall,382215,10,75801,3127965,14,W1818,1,0,0,0,0,0,0,0,0,0,0,0,0,0,0,0,0,0,0,0,0,YZ,REG,6/29/2023,07/03/23-07/07/23,MPL,DOCKSIDE,yes,?,,,,, ,9616/TIANA,YZ,MPL,226,F,H3,DKS,R,FFEL,1DG1,FIO,PLYBOX,,,,
6/27/2023,Wall,382215,10,75801,3127965,15,W3642B,1,0,0,0,0,0,0,0,0,0,0,0,0,0,0,0,0,0,0,0,0,YZ,REG,6/29/2023,07/03/23-07/07/23,MPL,DOCKSIDE,yes,?,,,,, ,9616/TIANA,YZ,MPL,226,F,H3,DKS,,,,,,,,,
6/27/2023,Wall,382215,10,75801,3127965,16,W3618B,1,0,0,0,0,0,0,0,0,0,0,0,0,0,0,0,0,0,0,0,0,YZ,REG,6/29/2023,07/03/23-07/07/23,MPL,DOCKSIDE,yes,?,,,,, ,9616/TIANA,YZ,MPL,226,F,DKS,H3,LR,FIO,2DG1,PLYBOX,,,,,
6/27/2023,Wall,382215,10,75801,3127965,17,W3642B,1,0,0,0,0,0,0,0,0,0,0,0,0,0,0,0,0,0,0,0,0,YZ,REG,6/29/2023,07/03/23-07/07/23,MPL,DOCKSIDE,yes,?,,,,, ,9616/TIANA,YZ,MPL,226,F,H3,DKS,FFER,,,,,,,,
6/27/2023,Wall,382215,10,75801,3127965,18,W3618B,1,0,0,0,0,0,0,0,0,0,0,0,0,0,0,0,0,0,0,0,0,YZ,REG,6/29/2023,07/03/23-07/07/23,MPL,DOCKSIDE,yes,?,,,,, ,9616/TIANA,YZ,MPL,226,F,DKS,H3,LR,FIO,2DG1,PLYBOX,FFER,,,,
6/27/2023,Base,382215,10,75801,3127965,20,BT15-2,1,0,0,0,0,0,0,0,0,0,0,0,0,0,0,0,0,0,0,0,0,YZ,REG,6/29/2023,07/03/23-07/07/23,MPL,DOCKSIDE,yes,?,,,,, ,9616/TIANA,YZ,MPL,226,F,H3,DKS,L,,,,,,,,
6/27/2023,Base,382215,10,75801,3127965,21,SB27B,1,0,0,0,0,0,0,0,0,0,0,0,0,0,0,0,0,0,0,0,0,YZ,REG,6/29/2023,07/03/23-07/07/23,MPL,DOCKSIDE,yes,?,,,,, ,9616/TIANA,YZ,MPL,226,F,H3,DKS,,,,,,,,,
6/27/2023,Base,382215,10,75801,3127965,22,B15WB,1,0,0,0,0,0,0,0,0,0,0,0,0,0,0,0,0,0,0,0,0,YZ,REG,6/29/2023,07/03/23-07/07/23,MPL,DOCKSIDE,yes,?,,,,, ,9616/TIANA,YZ,MPL,226,F,H3,DKS,,,,,,,,,
6/27/2023,Vanity,382215,10,75801,3127965,24,21AHCVSB42,1,0,0,0,0,0,0,0,0,0,0,0,0,0,0,0,0,0,0,0,0,YZ,REG,6/29/2023,07/03/23-07/07/23,MPL,DOCKSIDE,yes,?,,,,, ,9616/TIANA,YZ,MPL,226,F,H3,DKS,WER,,,,,,,,
6/27/2023,Base,382215,10,75801,3127965,25,BT36B-2,1,0,0,0,0,0,0,0,0,0,0,0,0,0,0,0,0,0,0,0,0,YZ,REG,6/29/2023,07/03/23-07/07/23,MPL,DOCKSIDE,yes,?,,,,, ,9616/TIANA,YZ,MPL,226,F,H3,DKS,WEL,,,,,,,,
6/27/2023,Base,382215,10,75801,3127965,26,BT36B-2,1,0,0,0,0,0,0,0,0,0,0,0,0,0,0,0,0,0,0,0,0,YZ,REG,6/29/2023,07/03/23-07/07/23,MPL,DOCKSIDE,yes,?,,,,, ,9616/TIANA,YZ,MPL,226,F,H3,DKS,,,,,,,,,
6/27/2023,Base,382215,10,75801,3127965,27,BT36B-2,1,0,0,0,0,0,0,0,0,0,0,0,0,0,0,0,0,0,0,0,0,YZ,REG,6/29/2023,07/03/23-07/07/23,MPL,DOCKSIDE,yes,?,,,,, ,9616/TIANA,YZ,MPL,226,F,H3,DKS,,,,,,,,,
6/27/2023,Base,382215,10,75801,3127965,30,BT42-4,1,0,0,0,0,0,0,0,0,0,0,0,0,0,0,0,0,0,0,0,0,YZ,REG,6/29/2023,07/03/23-07/07/23,MPL,DOCKSIDE,yes,?,,,,, ,9616/TIANA,YZ,MPL,226,F,H3,DKS,WER,,,,,,,,
6/27/2023,Base,382215,10,75801,3127965,31,3DB36,1,0,0,0,0,0,0,0,0,0,0,0,0,0,0,0,0,0,0,0,0,YZ,REG,6/29/2023,07/03/23-07/07/23,MPL,DOCKSIDE,yes,?,,,,, ,9616/TIANA,YZ,MPL,226,F,H3,DKS,WEL,,,,,,,,
6/27/2023,Base,382215,10,75801,3127965,32,BT21-2,1,0,0,0,0,0,0,0,0,0,0,0,0,0,0,0,0,0,0,0,0,YZ,REG,6/29/2023,07/03/23-07/07/23,MPL,DOCKSIDE,yes,?,,,,, ,9616/TIANA,YZ,MPL,226,F,H3,DKS,L,,,,,,,,
6/27/2023,Base,382215,10,75801,3127965,33,BT21-2,1,0,0,0,0,0,0,0,0,0,0,0,0,0,0,0,0,0,0,0,0,YZ,REG,6/29/2023,07/03/23-07/07/23,MPL,DOCKSIDE,yes,?,,,,, ,9616/TIANA,YZ,MPL,226,F,H3,DKS,R,,,,,,,,
6/27/2023,Base,382215,10,75801,3127965,34,BT36B-2,1,0,0,0,0,0,0,0,0,0,0,0,0,0,0,0,0,0,0,0,0,YZ,REG,6/29/2023,07/03/23-07/07/23,MPL,DOCKSIDE,yes,?,,,,, ,9616/TIANA,YZ,MPL,226,F,H3,DKS,,,,,,,,,
6/27/2023,Base,382215,10,75801,3127965,35,BW30MD,1,0,0,0,0,0,0,0,0,0,0,0,0,0,0,0,0,0,0,0,0,YZ,REG,6/29/2023,07/03/23-07/07/23,MPL,DOCKSIDE,yes,?,,,,, ,9616/TIANA,YZ,MPL,226,F,DKS,H3,OCM,,,,,,,,
6/27/2023,Base,382215,10,75801,3127965,36,BT18-2,1,0,0,0,0,0,0,0,0,0,0,0,0,0,0,0,0,0,0,0,0,YZ,REG,6/29/2023,07/03/23-07/07/23,MPL,DOCKSIDE,yes,?,,,,, ,9616/TIANA,YZ,MPL,226,F,H3,DKS,R,,,,,,,,
6/27/2023,Base,382215,10,75801,3127965,37,BT36B-2,1,0,0,0,0,0,0,0,0,0,0,0,0,0,0,0,0,0,0,0,0,YZ,REG,6/29/2023,07/03/23-07/07/23,MPL,DOCKSIDE,yes,?,,,,, ,9616/TIANA,YZ,MPL,226,F,H3,DKS,,,,,,,,,
6/27/2023,Vanity,382215,10,75801,3127965,38,21AHVSB30B,1,0,0,0,0,0,0,0,0,0,0,0,0,0,0,0,0,0,0,0,0,YZ,REG,6/29/2023,07/03/23-07/07/23,MPL,DOCKSIDE,yes,?,,,,, ,9616/TIANA,YZ,MPL,226,F,H3,DKS,,,,,,,,,
6/27/2023,Vanity,382215,10,75801,3127965,39,21AHVDB21,1,0,0,0,0,0,0,0,0,0,0,0,0,0,0,0,0,0,0,0,0,YZ,REG,6/29/2023,07/03/23-07/07/23,MPL,DOCKSIDE,yes,?,,,,, ,9616/TIANA,YZ,MPL,226,F,H3,DKS,,,,,,,,,
6/27/2023,Vanity,382215,10,75801,3127965,40,21AHVSB30B,1,0,0,0,0,0,0,0,0,0,0,0,0,0,0,0,0,0,0,0,0,YZ,REG,6/29/2023,07/03/23-07/07/23,MPL,DOCKSIDE,yes,?,,,,, ,9616/TIANA,YZ,MPL,226,F,H3,DKS,,,,,,,,,
6/27/2023,Vanity,382215,10,75801,3127965,41,21AHCVSB42,1,0,0,0,0,0,0,0,0,0,0,0,0,0,0,0,0,0,0,0,0,YZ,REG,6/29/2023,07/03/23-07/07/23,MPL,DOCKSIDE,yes,?,,,,, ,9616/TIANA,YZ,MPL,226,F,H3,DKS,WER,,,,,,,,
6/27/2023,Base,382215,10,75801,3127965,42,BFH12,1,0,0,0,0,0,0,0,0,0,0,0,0,0,0,0,0,0,0,0,0,YZ,REG,6/29/2023,07/03/23-07/07/23,MPL,DOCKSIDE,yes,?,,,,, ,9616/TIANA,YZ,MPL,226,F,DKS,H3,L,WEL,,,,,,,
6/27/2023,Base,382215,10,75801,3127965,43,B18DWB,1,0,0,0,0,0,0,0,0,0,0,0,0,0,0,0,0,0,0,0,0,YZ,REG,6/29/2023,07/03/23-07/07/23,MPL,DOCKSIDE,yes,?,,,,, ,9616/TIANA,YZ,MPL,226,F,H3,DKS,,,,,,,,,
6/27/2023,Base,382215,10,75801,3127965,44,SB36B,1,0,0,0,0,0,0,0,0,0,0,0,0,0,0,0,0,0,0,0,0,YZ,REG,6/29/2023,07/03/23-07/07/23,MPL,DOCKSIDE,yes,?,,,,, ,9616/TIANA,YZ,MPL,226,F,H3,DKS,,,,,,,,,
6/27/2023,Base,382215,10,75801,3127965,45,4DB15,1,0,0,0,0,0,0,0,0,0,0,0,0,0,0,0,0,0,0,0,0,YZ,REG,6/29/2023,07/03/23-07/07/23,MPL,DOCKSIDE,yes,?,,,,, ,9616/TIANA,YZ,MPL,226,F,H3,DKS,WER,,,,,,,,
6/27/2023,Base,382215,10,75801,3127965,46,SB42,1,0,0,0,0,0,0,0,0,0,0,0,0,0,0,0,0,0,0,0,0,YZ,REG,6/29/2023,07/03/23-07/07/23,MPL,DOCKSIDE,yes,?,,,,, ,9616/TIANA,YZ,MPL,226,F,H3,DKS,WER,,,,,,,,
6/27/2023,Tall,382215,10,76451,3136795,18,OCC3396B,1,1,0,0,0,0,0,0,0,0,0,0,0,0,0,0,0,0,0,0,0,YZ,REG,6/29/2023,07/03/23-07/07/23,MPL,SEA SALT CLASSIC,yes,?,,,,, ,3898/NICK,YZ,MPL,L6,F,SST,H3,LR,CLSC,OCM,WETB,,,,,
6/27/2023,Vanity,382215,10,76451,3136795,30,21AHVSB36,1,1,0,0,0,0,0,0,0,0,0,0,0,0,0,0,0,0,0,0,0,YZ,REG,6/29/2023,07/03/23-07/07/23,MPL,SMOKE,yes,?,,,,, ,3898/NICK,YZ,MPL,L6,F,H3,SMK,,,,,,,,,
6/27/2023,Vanity,382215,10,76451,3136795,31,21AHVDB18,1,1,0,0,0,0,0,0,0,0,0,0,0,0,0,0,0,0,0,0,0,YZ,REG,6/29/2023,07/03/23-07/07/23,MPL,SMOKE,yes,?,,,,, ,3898/NICK,YZ,MPL,L6,F,H3,SMK,,,,,,,,,
6/27/2023,Vanity,382215,10,76451,3136795,32,21AHVSB36,1,1,0,0,0,0,0,0,0,0,0,0,0,0,0,0,0,0,0,0,0,YZ,REG,6/29/2023,07/03/23-07/07/23,MPL,SMOKE,yes,?,,,,, ,3898/NICK,YZ,MPL,L6,F,H3,SMK,,,,,,,,,
6/27/2023,Base,382215,10,76451,3136795,33,B15WB,1,1,0,0,0,0,0,0,0,0,0,0,0,0,0,0,0,0,0,0,0,YZ,REG,6/29/2023,07/03/23-07/07/23,MPL,SMOKE,yes,?,,,,, ,3898/NICK,YZ,MPL,L6,F,H3,SMK,1FHMEL,,,,,,,,
6/27/2023,Base,382215,10,76451,3136795,34,SB36,1,1,0,0,0,0,0,0,0,0,0,0,0,0,0,0,0,0,0,0,0,YZ,REG,6/29/2023,07/03/23-07/07/23,MPL,SMOKE,yes,?,,,,, ,3898/NICK,YZ,MPL,L6,F,H3,SMK,,,,,,,,,
6/27/2023,Base,382215,10,4573,3137712,2,3DB12/,1,1,0,0,0,0,0,0,0,0,0,0,0,0,0,0,0,0,0,0,0,SV,REG,6/29/2023,07/03/23-07/07/23,MDF,WHITE ICING CLASSIC,no,?,,,,, ,WYATT/JB7956,SV,MDF,JA,F,WIC,CLSC,35PCDF,,,,,,,,
6/27/2023,Base,382215,10,4573,3137712,3,SB36/,1,1,0,0,0,0,0,0,0,0,0,0,0,0,0,0,0,0,0,0,0,SV,REG,6/29/2023,07/03/23-07/07/23,MDF,WHITE ICING CLASSIC,no,?,,,,, ,WYATT/JB7956,SV,MDF,JA,F,WIC,CLSC,15PCDF,,,,,,,,
6/27/2023,SSusans,382215,10,4573,3137712,5,SSCB36WT/,1,1,0,0,0,0,0,0,0,0,0,0,0,0,0,0,0,0,0,0,0,SV,REG,6/29/2023,07/03/23-07/07/23,MDF,WHITE ICING CLASSIC,no,?,,,,, ,WYATT/JB7956,SV,MDF,JA,F,WIC,CLSC,L,FFER,,,,,,,
6/27/2023,Base,382215,10,4573,3137712,6,BFH09/,1,1,0,0,0,0,0,0,0,0,0,0,0,0,0,0,0,0,0,0,0,SV,REG,6/29/2023,07/03/23-07/07/23,MDF,WHITE ICING CLASSIC,no,?,,,,, ,WYATT/JB7956,SV,MDF,JA,F,WIC,CLSC,R,FFEL,,,,,,,
6/27/2023,Base,382215,10,4573,3137712,8,3DB21/,1,1,0,0,0,0,0,0,0,0,0,0,0,0,0,0,0,0,0,0,0,SV,REG,6/29/2023,07/03/23-07/07/23,MDF,WHITE ICING CLASSIC,no,?,,,,, ,WYATT/JB7956,SV,MDF,JA,F,WIC,CLSC,MD18,35PCDF,FFEL,,,,,,
6/27/2023,Base,382215,10,4573,3137712,9,3DB21/,1,1,0,0,0,0,0,0,0,0,0,0,0,0,0,0,0,0,0,0,0,SV,REG,6/29/2023,07/03/23-07/07/23,MDF,WHITE ICING CLASSIC,no,?,,,,, ,WYATT/JB7956,SV,MDF,JA,F,WIC,CLSC,MD18,35PCDF,,,,,,,
6/27/2023,Tall,382215,10,4573,3137712,10,24UCS2184/,1,0,0,0,0,0,0,0,0,0,0,0,0,0,0,0,0,0,0,0,0,SV,REG,6/29/2023,07/03/23-07/07/23,MDF,WHITE ICING CLASSIC,no,?,,,,, ,WYATT/JB7956,SV,MDF,JA,F,WIC,L,CLSC,MD18,FFETL,,,,,,
6/27/2023,Tall,382215,10,4573,3137712,11,24UCS2184/,1,0,0,0,0,0,0,0,0,0,0,0,0,0,0,0,0,0,0,0,0,SV,REG,6/29/2023,07/03/23-07/07/23,MDF,WHITE ICING CLASSIC,no,?,,,,, ,WYATT/JB7956,SV,MDF,JA,F,WIC,R,CLSC,MD18,FFETR,,,,,,
6/27/2023,Wall,382215,10,4573,3137712,26,24W4224,1,0,0,0,0,0,0,0,0,0,0,0,0,0,0,0,0,0,0,0,0,D2,REG,6/29/2023,07/03/23-07/07/23,MDF,WHITE ICING CLASSIC,no,?,,,,, ,WYATT/JB7956,D2,MDF,jar,f,h3,WIC,CLSC,MW41,MD15,FIFB,,,,,
6/27/2023,Vanity,382215,10,4573,3137712,27,21AHVSB36B,1,1,0,0,0,0,0,0,0,0,0,0,0,0,0,0,0,0,0,0,0,D2,REG,6/29/2023,07/03/23-07/07/23,MDF,FINISH SELECT,no,?,,,,, ,WYATT/JB7956,D2,MDF,jar,f,FNSLT3139097,CTC,h3,LR,FFER,,,,,,
6/27/2023,Base,382215,10,4573,3137712,28,BT48-4,1,1,0,0,0,0,0,0,0,0,0,0,0,0,0,0,0,0,0,0,0,D2,REG,6/29/2023,07/03/23-07/07/23,MDF,FINISH SELECT,no,?,,,,, ,WYATT/JB7956,D2,MDF,jar,f,FNSLT3139097,CTC,h3,LR,1FHMEL,1FHMER,,,,,
6/27/2023,Wall,382215,10,76474,3139105,7,24W3624B,1,0,0,0,0,0,0,0,0,0,0,0,0,0,0,0,0,0,0,0,0,YZ,REG,6/29/2023,07/03/23-07/07/23,CHY,CAPPUCCINO-BRN GLZHGLT,yes,?,,,,, ,6305/NICK,YZ,CHY,LZ,F,H3,CAP,BRN,GLZHGLT,MD21,FFEB,,,,,
6/27/2023,Wall,382215,10,76474,3139105,11,W3630,1,0,0,0,0,0,0,0,0,0,0,0,0,0,0,0,0,0,0,0,0,YZ,REG,6/29/2023,07/03/23-07/07/23,CHY,CAPPUCCINO-BRN GLZHGLT,yes,?,,,,, ,6305/NICK,YZ,CHY,LZ,F,H3,CAP,BRN,GLZHGLT,FIO,PLYBOX,2DG1,,,,
6/27/2023,Tall,382215,10,76474,3139105,39,OCC3396B,1,0,0,0,0,0,0,0,0,0,0,0,0,0,0,0,0,0,0,0,0,YZ,REG,6/29/2023,07/03/23-07/07/23,CHY,CAPPUCCINO-BRN GLZHGLT,yes,?,,,,, ,6305/NICK,YZ,CHY,LZ,F,CAP,H3,LR,BRN,GLZHGLT,DOCM,WETB,,,,
6/27/2023,Wall,382215,10,76474,3139105,56,W3630,1,1,0,0,0,0,0,0,0,0,0,0,0,0,0,0,0,0,0,0,0,YZ,REG,6/29/2023,07/03/23-07/07/23,MPL,BLACK-BURNT SIENNA GLAZE HRLM,yes,?,,,,, ,6305/NICK,YZ,MPL,LZ,F,BLK,H3,LR,EBN,GLAZE,HRLM,,,,,
6/27/2023,Wall,382215,10,76474,3139105,57,W3330,1,1,0,0,0,0,0,0,0,0,0,0,0,0,0,0,0,0,0,0,0,YZ,REG,6/29/2023,07/03/23-07/07/23,MPL,BLACK-BURNT SIENNA GLAZE HRLM,yes,?,,,,, ,6305/NICK,YZ,MPL,LZ,F,BLK,H3,LR,EBN,GLAZE,HRLM,,,,,
6/27/2023,Wall,382215,10,76474,3139105,58,W3630,1,1,0,0,0,0,0,0,0,0,0,0,0,0,0,0,0,0,0,0,0,YZ,REG,6/29/2023,07/03/23-07/07/23,MPL,BLACK-BURNT SIENNA GLAZE HRLM,yes,?,,,,, ,6305/NICK,YZ,MPL,LZ,F,BLK,H3,LR,EBN,GLAZE,HRLM,,,,,
6/27/2023,Vanity,382215,10,76474,3139105,60,21AHCVSB48,1,0,0,0,0,0,0,0,0,0,0,0,0,0,0,0,0,0,0,0,0,YZ,REG,6/29/2023,07/03/23-07/07/23,MPL,BLACK-BURNT SIENNA GLAZE HRLM,yes,?,,,,, ,6305/NICK,YZ,MPL,LZ,F,BLK,H3,LR,EBN,GLAZE,HRLM,WEB,,,,
6/27/2023,Base,382215,10,76474,3139105,63,SB42,1,1,0,0,0,0,0,0,0,0,0,0,0,0,0,0,0,0,0,0,0,YZ,REG,6/29/2023,07/03/23-07/07/23,MPL,BLACK-BURNT SIENNA GLAZE HRLM,yes,?,,,,, ,6305/NICK,YZ,MPL,LZ,F,BLK,H3,LR,EBN,GLAZE,HRLM,WEL,,,,
6/27/2023,Base,382215,10,76474,3139105,65,B15WB,1,1,0,0,0,0,0,0,0,0,0,0,0,0,0,0,0,0,0,0,0,YZ,REG,6/29/2023,07/03/23-07/07/23,MPL,BLACK-BURNT SIENNA GLAZE HRLM,yes,?,,,,, ,6305/NICK,YZ,MPL,LZ,F,BLK,H3,EBN,GLAZE,HRLM,1FHMEL,,,,,
6/27/2023,Base,382215,10,76474,3139105,66,SB36,1,1,0,0,0,0,0,0,0,0,0,0,0,0,0,0,0,0,0,0,0,YZ,REG,6/29/2023,07/03/23-07/07/23,MPL,BLACK-BURNT SIENNA GLAZE HRLM,yes,?,,,,, ,6305/NICK,YZ,MPL,LZ,F,BLK,H3,LR,EBN,GLAZE,HRLM,,,,,
6/27/2023,Base,382215,20,L1785,3141780,2,SDC30,1,0,0,0,0,0,0,0,0,0,0,0,0,0,0,0,0,0,0,0,3114674,t2,repl,6/29/2023,07/03/23-07/07/23,chy,COLOR MATCH,no,?,,,,,KIT,schnuerele/shawn,t2,chy,vr,f,EGR,h3,NH,SBL,GLZHGLT,antq,clm,oa31,,,
6/27/2023,Base,382215,10,3314,3148214,2,21DB3018,1,1,0,0,0,0,0,0,0,0,0,0,0,0,0,0,0,0,0,0,0,P2,REG,6/29/2023,07/03/23-07/07/23,chy,AMARETTO-EBONY GLZHGLT,no,?,,,,, ,Conyac  Do/N/A,P2,chy,jt,f,AMR,H3,EBN,GLZHGLT,,,,,,,
6/27/2023,Base,382215,10,3314,3148214,3,21DB3018,1,1,0,0,0,0,0,0,0,0,0,0,0,0,0,0,0,0,0,0,0,P2,REG,6/29/2023,07/03/23-07/07/23,chy,AMARETTO-EBONY GLZHGLT,no,?,,,,, ,Conyac  Do/N/A,P2,chy,jt,f,H3,AMR,EBN,GLZHGLT,,,,,,,
6/27/2023,Base,382215,10,3314,3148214,4,21DB3018,1,1,0,0,0,0,0,0,0,0,0,0,0,0,0,0,0,0,0,0,0,P2,REG,6/29/2023,07/03/23-07/07/23,chy,AMARETTO-EBONY GLZHGLT,no,?,,,,, ,Conyac  Do/N/A,P2,chy,jt,f,H3,AMR,EBN,GLZHGLT,WER,,,,,,
6/27/2023,Base,382215,10,W1239,3156568,1,SB27B,1,0,0,0,0,0,0,0,0,0,0,0,0,0,0,0,0,0,0,0,3113824,D2,RP,6/29/2023,07/03/23-07/07/23,MPL,DOCKSIDE,no,?,,,,, ,CAMERON_SB/JH7419,D2,MPL,PK,F,H3,DKS,PLYBOX,FFEL,WSROR1.25,,,,,,
6/27/2023,Base,382215,10,75802,3157106,1,BT15-2/,1,1,0,0,0,0,0,0,0,0,0,0,0,0,0,0,0,0,0,0,3112403,YY,REPL,6/29/2023,07/03/23-07/07/23,MDF,MACCHIATO CLASSIC,no,?,,,,, ,14952_G/R2/BRITTNEY,YY,MDF,NE,F,MCT,L,CLSC,FFD,BLUE,OD11,,,,,
6/27/2023,Wall,382215,10,77798,3157354,2,W3036B,1,0,0,0,0,0,0,0,0,0,0,0,0,0,0,0,0,0,0,0,3052681,YZ,REPL,6/29/2023,07/03/23-07/07/23,CHY,DOCKSIDE,no,?,,,,, ,7576/R1/BRITTNEY,YZ,CHY,257,F,DKS,H3,LR,FFD,OA31,,,,,,
6/27/2023,Wall,382215,10,76312,3157488,1,W3642,1,1,0,0,0,0,0,0,0,0,0,0,0,0,0,0,0,0,0,0,3044911,YZ,REPL,6/29/2023,07/03/23-07/07/23,MPL,CELESTE CLASSIC,no,?,,,,, ,4762/R1/BRITTNEY,YZ,MPL,M6,F,CLS,H3,LR,CLSC,FFD,OD11,,,,,
6/27/2023,Wall,382215,10,76312,3157488,2,W4242,1,1,0,0,0,0,0,0,0,0,0,0,0,0,0,0,0,0,0,0,3044911,YZ,REPL,6/29/2023,07/03/23-07/07/23,MPL,CELESTE CLASSIC,no,?,,,,, ,4762/R1/BRITTNEY,YZ,MPL,M6,F,CLS,H3,LR,CLSC,FFD,OD11,,,,,
6/27/2023,Wall,382215,10,76312,3157488,3,W4542,1,1,0,0,0,0,0,0,0,0,0,0,0,0,0,0,0,0,0,0,3044911,YZ,REPL,6/29/2023,07/03/23-07/07/23,MPL,CELESTE CLASSIC,no,?,,,,, ,4762/R1/BRITTNEY,YZ,MPL,M6,F,CLS,H3,LR,CLSC,FFD,OD11,,,,,
6/27/2023,Base,OLTL,10,L2991,3140755,1,BFH36B,1,0,0,0,0,0,0,0,0,0,0,0,0,0,0,0,0,0,0,0,3100444,t2,REPL,6/29/2023,07/03/23-07/07/23,mdf,EUCALYPTUS CLASSIC,no,?,,,,, ,MUDD/MATT BENVE,t2,mdf,ho,f,ECA,h3,LR,boxo,CLSC,plybox,WEL,1ISOS36,OD11,,
6/27/2023,Wall,OLTL,10,L2991,3140755,3,W1839,1,0,0,0,0,0,0,0,0,0,0,0,0,0,0,0,0,0,0,0,3100444,t2,REPL,6/29/2023,07/03/23-07/07/23,mdf,EUCALYPTUS CLASSIC,no,?,,,,, ,MUDD/MATT BENVE,t2,mdf,ho,f,ECA,h3,R,CLSC,FIO,1ADA1,1TVRT1,plybox,FFEB,OD12,
6/27/2023,Wall,OLTL,10,L2991,3140755,4,W2439,1,0,0,0,0,0,0,0,0,0,0,0,0,0,0,0,0,0,0,0,3100444,t2,REPL,6/29/2023,07/03/23-07/07/23,mdf,EUCALYPTUS CLASSIC,no,?,,,,, ,MUDD/MATT BENVE,t2,mdf,ho,f,ECA,h3,L,boxo,CLSC,FIO,plybox,FFER,OD12,,
6/27/2023,Tall,OLTL,10,L2991,3140755,5,24UT3693B-4,1,1,0,0,0,0,0,0,0,0,0,0,0,0,0,0,0,0,0,0,3100444,t2,REPL,6/29/2023,07/03/23-07/07/23,chy,CHESTNUT,no,?,,,,, ,MUDD/MATT BENVE,t2,chy,kp,f,CHN,h3,LR,boxo,plybox,FFETR,OA33,,,,
6/27/2023,Base,OLTL,0,4657,3146572,1,PBICBB48G1S,1,0,0,0,0,0,0,0,0,0,0,0,0,0,0,0,0,0,0,0,0,D2,DS,6/29/2023,07/10/23-07/14/23,MPL,ENAMEL ISLANDER,no,?,,,,,KIT,Display/Zoe Wriste,D2,MPL,OI,F,ILS,H3,X,,,,,,,,
6/27/2023,Wall,OLTL,10,L1661,3155317,2,W1239,1,0,0,0,0,0,0,0,0,0,0,0,0,0,0,0,0,0,0,0,3130372,T2,repl,6/29/2023,07/03/23-07/07/23,MPL,WHITE ICING CLASSIC,no,?,,,,, ,HERNANDEZ/KAREN ROBI,T2,MPL,HK,F,WIC,H3,R,CLSC,FIO,1DG1,PLYBOX,OD10,,,
6/27/2023,Wall,OLTL,0,L721,3156328,1,24W2718B,1,0,0,0,0,0,0,0,0,0,0,0,0,0,0,0,0,0,0,0,3138180,T2,repl,6/29/2023,07/03/23-07/07/23,MPL,IRISH CREAM CLASSIC,no,?,,,,, ,barland/richard,T2,MPL,SE,F,IRC,H3,NH,BOXO,CLSC,MH16,FIO,PLYBOX,OC21,,
